Date,Item Name,Quantity,unit,Price,Total,Supplier,Week,Category
"Wednesday, September 3, 2025",kerupuk ss,1,kg,"24,000","24,000",direct pasar,1,Reguler kitchen
"Wednesday, September 3, 2025",tahu kuning,50,pcs,500,"25,000",direct pasar,1,Reguler kitchen
"Thursday, September 4, 2025",baking powder hercules,1,can,"17,710","17,710",Jasuma,1,Reguler kitchen
"Thursday, September 4, 2025",bawang daun,0.5,kg,"20,000","10,000",direct pasar,1,Reguler kitchen
"Thursday, September 4, 2025",bawang merah kupas,0.3,kg,"50,400","15,120",Jasuma,1,staff meals
"Thursday, September 4, 2025",bawang putih kupas,0.3,kg,"42,000","12,600",Jasuma,1,staff meals
"Thursday, September 4, 2025",cabe merah tanjung,0.5,kg,"73,500","36,750",Jasuma,1,Reguler kitchen
"Thursday, September 4, 2025",cabe merah tanjung,0.5,kg,"73,500","36,750",Jasuma,1,staff meals
"Thursday, September 4, 2025",filet paha ayam,5,kg,"44,280","221,400",Jasuma,1,staff meals
"Thursday, September 4, 2025",kecap borobuddur 550ml,2,pack,"27,945","55,890",Jasuma,1,Reguler kitchen
"Thursday, September 4, 2025",kembang tahu,1,pack,"17,250","17,250",Jasuma,1,staff meals
"Thursday, September 4, 2025",kentang dieng,2,kg,"23,000","46,000",Jasuma,1,staff meals
"Thursday, September 4, 2025",mentega curah,1,kg,"27,600","27,600",Jasuma,1,Reguler kitchen
"Thursday, September 4, 2025",minyak rosebrand 2 l,4,liter,"21,659","86,634",Jasuma,1,staff meals
"Thursday, September 4, 2025",pakcoy,1,kg,"11,500","11,500",Jasuma,1,staff meals
"Thursday, September 4, 2025",telur ayam,1,kg,"29,325","29,325",Jasuma,1,Reguler kitchen
"Thursday, September 4, 2025",tempe,2,pcs,"12,650","25,300",Jasuma,1,staff meals
"Thursday, September 4, 2025",tepung terigu tulip 1 kg,5,pack,"11,040","55,200",Jasuma,1,Reguler kitchen
"Thursday, September 4, 2025",tepung terigu tulip 1 kg,1,pack,"11,040","11,040",Jasuma,1,staff meals
"Thursday, September 4, 2025",trashbag 80x120,2,pack,"22,000","44,000",Jasuma,1,operational
"Thursday, September 4, 2025",wortel,0.5,kg,"10,350","5,175",Jasuma,1,staff meals
"Friday, September 5, 2025",tahu kuning,100,pcs,550,"55,000",direct pasar,1,Reguler kitchen
"Saturday, September 6, 2025",ajinomoto msg 500 gr,2,pack,"30,820","61,640",Jasuma,1,Reguler kitchen
"Saturday, September 6, 2025",baking powder hercules,2,can,"17,710","35,420",Jasuma,1,Reguler kitchen
"Saturday, September 6, 2025",bawang daun,1,kg,"14,950","14,950",Jasuma,1,Reguler kitchen
"Saturday, September 6, 2025",bawang merah kupas,1,kg,"50,400","50,400",Jasuma,1,Reguler kitchen
"Saturday, September 6, 2025",bawang putih kupas,1,kg,"42,000","42,000",Jasuma,1,Reguler kitchen
"Saturday, September 6, 2025",cengek merah,1,kg,"31,500","31,500",Jasuma,1,Reguler kitchen
"Saturday, September 6, 2025",chicken powder knorr 1 kg,2,pack,"114,080","228,160",Jasuma,1,Reguler kitchen
"Saturday, September 6, 2025",delmonte sambal 5.7 kg,1,jar,"124,200","124,200",Jasuma,1,Reguler kitchen
"Saturday, September 6, 2025",delmonte tomat 5.7 kg,1,jar,"102,350","102,350",Jasuma,1,Reguler kitchen
"Saturday, September 6, 2025",fermipan isi 4 11 gr,3,pack,"33,120","99,360",Jasuma,1,Reguler kitchen
"Saturday, September 6, 2025",kerupuk ss,0.5,kg,"27,600","13,800",Jasuma,1,Reguler kitchen
"Saturday, September 6, 2025",kol putih,1,kg,"9,200","9,200",Jasuma,1,Reguler kitchen
"Saturday, September 6, 2025",kunyit,0.25,kg,"16,100","4,025",Jasuma,1,Reguler kitchen
"Saturday, September 6, 2025",lafonte spagheti 1 kg,1,pack,"31,050","31,050",Jasuma,1,Reguler kitchen
"Saturday, September 6, 2025",lengkuas merah,0.25,kg,"18,400","4,600",Jasuma,1,Reguler kitchen
"Saturday, September 6, 2025",mentega curah,2,kg,"27,600","55,200",Jasuma,1,Reguler kitchen
"Saturday, September 6, 2025",pakcoy,1.5,kg,"11,500","17,250",Jasuma,1,Reguler kitchen
"Saturday, September 6, 2025",parsley,0.1,kg,"41,400","4,140",Jasuma,1,Reguler kitchen
"Saturday, September 6, 2025",pisang tanduk,6,kg,"14,950","89,700",Jasuma,1,Reguler kitchen
"Saturday, September 6, 2025",selada keriting,0.5,kg,"13,800","6,900",Jasuma,1,Reguler kitchen
"Saturday, September 6, 2025",singkong,4,kg,"6,900","27,600",Jasuma,1,Reguler kitchen
"Saturday, September 6, 2025",telur asin,15,pcs,"4,600","69,000",Jasuma,1,Reguler kitchen
"Saturday, September 6, 2025",telur ayam,3,kg,"29,440","88,320",Jasuma,1,Reguler kitchen
"Saturday, September 6, 2025",tepung roti kuning,0.5,kg,"21,850","10,925",Jasuma,1,Reguler kitchen
"Saturday, September 6, 2025",tepung roti putih,0.5,kg,"20,815","10,408",Jasuma,1,Reguler kitchen
"Saturday, September 6, 2025",tepung tapioka rosebrand 500gr,2,pack,"5,031","10,062",Jasuma,1,Reguler kitchen
"Saturday, September 6, 2025",tepung terigu tulip 1 kg,10,pack,"11,040","110,400",Jasuma,1,Reguler kitchen
"Saturday, September 6, 2025",timun,1,kg,"9,200","9,200",Jasuma,1,Reguler kitchen
"Saturday, September 6, 2025",tomat,0.25,kg,"11,500","2,875",Jasuma,1,Reguler kitchen
"Saturday, September 6, 2025",trashbag 80x120,5,pack,"22,100","110,500",Jasuma,1,operational
"Saturday, September 6, 2025",vanilla essen koepoe 60 ml,3,btl,"5,750","17,250",Jasuma,1,Reguler kitchen
"Saturday, September 6, 2025",wortel,1,kg,"10,350","10,350",Jasuma,1,Reguler kitchen
"Monday, September 8, 2025",dori grade b,4,pack,"38,500","154,000",Ko Aldi,2,Reguler kitchen
"Monday, September 8, 2025",french fries 2 kg,10,pack,"70,000","700,000",Ko Aldi,2,Reguler kitchen
"Monday, September 8, 2025",gas 12 kg,3,tbg,"195,000","585,000",My Gas,2,Reguler kitchen
"Monday, September 8, 2025",minyak sovia 18 l,32,liter,"23,288","745,200",Jasuma,2,Reguler kitchen
"Monday, September 8, 2025",paprika powder,0.1,kg,"300,000","30,000",direct pasar,2,Reguler kitchen
"Monday, September 8, 2025",smoked beef,2,pack,"110,000","220,000",Ko Aldi,2,Reguler kitchen
"Monday, September 8, 2025",sosis 1 kg,3,pack,"75,000","225,000",Ko Aldi,2,Reguler kitchen
"Monday, September 8, 2025",tahu kuning,50,pcs,500,"25,000",direct pasar,2,Reguler kitchen
"Tuesday, September 9, 2025",ati sapi,1,kg,"97,750","97,750",Jasuma,2,staff meals
"Tuesday, September 9, 2025",bakso taruna,1,pack,"17,250","17,250",Jasuma,2,staff meals
"Tuesday, September 9, 2025",bawang bombay,1,kg,"41,400","41,400",Jasuma,2,Reguler kitchen
"Tuesday, September 9, 2025",bawang bombay,0.5,kg,"41,400","20,700",Jasuma,2,staff meals
"Tuesday, September 9, 2025",bawang daun,1.5,kg,"14,950","22,425",Jasuma,2,Reguler kitchen
"Tuesday, September 9, 2025",bawang merah kupas,0.5,kg,"55,200","27,600",Jasuma,2,Reguler kitchen
"Tuesday, September 9, 2025",bawang merah kupas,0.5,kg,"55,200","27,600",Jasuma,2,staff meals
"Tuesday, September 9, 2025",bawang putih kupas,3,kg,"46,000","138,000",Jasuma,2,Reguler kitchen
"Tuesday, September 9, 2025",bawang putih kupas,0.5,kg,"46,000","23,000",Jasuma,2,staff meals
"Tuesday, September 9, 2025",cabe merah tanjung,2,kg,"92,000","184,000",Jasuma,2,Reguler kitchen
"Tuesday, September 9, 2025",cabe merah tanjung,0.5,kg,"92,000","46,000",Jasuma,2,staff meals
"Tuesday, September 9, 2025",cengek merah,1.5,kg,"43,700","65,550",Jasuma,2,Reguler kitchen
"Tuesday, September 9, 2025",cengek merah,0.5,kg,"43,700","21,850",Jasuma,2,staff meals
"Tuesday, September 9, 2025",cireng,10,pack,"13,450","134,500",online ,2,Reguler kitchen
"Tuesday, September 9, 2025",delmonte bbq 250,2,pack,"10,925","21,850",Jasuma,2,staff meals
"Tuesday, September 9, 2025",filet paha ayam,5,kg,"48,000","240,000",syariah Chicken,2,Reguler kitchen
"Tuesday, September 9, 2025",filet paha ayam,3,kg,"46,000","138,000",Jasuma,2,staff meals
"Tuesday, September 9, 2025",gula pasir curah,1,pack,"18,055","18,055",Jasuma,2,Reguler kitchen
"Tuesday, September 9, 2025",kecap borobuddur 550ml,1,pack,"27,945","27,945",Jasuma,2,staff meals
"Tuesday, September 9, 2025",kentang dieng,2,kg,"23,000","46,000",Jasuma,2,staff meals
"Tuesday, September 9, 2025",kol putih,3,kg,"9,200","27,600",Jasuma,2,Reguler kitchen
"Tuesday, September 9, 2025",kol putih,1.5,kg,"9,200","13,800",Jasuma,2,staff meals
"Tuesday, September 9, 2025",lemon california,1,kg,"23,000","23,000",Jasuma,2,bar
"Tuesday, September 9, 2025",lemon lokal,1,kg,"20,700","20,700",Jasuma,2,Reguler kitchen
"Tuesday, September 9, 2025",mie atom,4,pack,"7,935","31,740",Jasuma,2,staff meals
"Tuesday, September 9, 2025",pakcoy,1.5,kg,"11,500","17,250",Jasuma,2,Reguler kitchen
"Tuesday, September 9, 2025",pakcoy,0.5,kg,"11,500","5,750",Jasuma,2,staff meals
"Tuesday, September 9, 2025",pisang tanduk,4,kg,"14,950","59,800",Jasuma,2,Reguler kitchen
"Tuesday, September 9, 2025",santan kara 200 mll,3,pack,"19,205","57,615",Jasuma,2,Reguler kitchen
"Tuesday, September 9, 2025",selada keriting,0.25,kg,"13,800","3,450",Jasuma,2,Reguler kitchen
"Tuesday, September 9, 2025",telur ayam,2,kg,"29,440","58,880",Jasuma,2,Reguler kitchen
"Tuesday, September 9, 2025",tempe,1,pcs,"12,650","12,650",Jasuma,2,staff meals
"Tuesday, September 9, 2025",tepung tapioka rosebrand 500gr,5,pack,"7,015","35,075",Jasuma,2,Reguler kitchen
"Tuesday, September 9, 2025",tepung terigu tulip 1 kg,3,pack,"11,040","33,120",Jasuma,2,Reguler kitchen
"Tuesday, September 9, 2025",tepung terigu tulip 1 kg,1,pack,"11,040","11,040",Jasuma,2,staff meals
"Tuesday, September 9, 2025",tomat,0.5,kg,"11,500","5,750",Jasuma,2,Reguler kitchen
"Tuesday, September 9, 2025",unsalted butter,5,pck,"81,305","406,525",Jasuma,2,Reguler kitchen
"Tuesday, September 9, 2025",wortel,2,kg,"10,350","20,700",Jasuma,2,Reguler kitchen
"Tuesday, September 9, 2025",wortel,0.25,kg,"10,350","2,588",Jasuma,2,staff meals
"Wednesday, September 10, 2025",tahu kuning,100,pcs,500,"50,000",direct pasar,2,Reguler kitchen
"Friday, September 12, 2025",bawang bombay,1.5,kg,"41,400","62,100",Jasuma,2,Reguler kitchen
"Friday, September 12, 2025",bawang merah kupas,1,kg,"55,200","55,200",Jasuma,2,Reguler kitchen
"Friday, September 12, 2025",bawang putih kupas,1,kg,"46,000","46,000",Jasuma,2,Reguler kitchen
"Friday, September 12, 2025",box take away,1,pack,"35,000","35,000",direct pasar,2,Reguler kitchen
"Friday, September 12, 2025",chicken powder knorr 1 kg,2,pack,"113,160","226,320",Jasuma,2,Reguler kitchen
"Friday, September 12, 2025",cireng,10,pack,"13,750","137,500",online ,2,Reguler kitchen
"Friday, September 12, 2025",filet paha ayam,5,kg,"49,000","245,000",syariah Chicken,2,Reguler kitchen
"Friday, September 12, 2025",garam dolina 500 gr,2,pack,"9,430","18,860",Jasuma,2,Reguler kitchen
"Friday, September 12, 2025",kacang panjang,0.5,kg,"16,400","8,200",Jasuma,2,staff meals
"Friday, September 12, 2025",kecap borobuddur 550ml,2,pack,"29,440","58,880",Jasuma,2,Reguler kitchen
"Friday, September 12, 2025",kentang dieng,1,kg,"23,000","23,000",Jasuma,2,Reguler kitchen
"Friday, September 12, 2025",kol putih,1,kg,"9,200","9,200",Jasuma,2,Reguler kitchen
"Friday, September 12, 2025",kol putih,1,kg,"9,200","9,200",Jasuma,2,staff meals
"Friday, September 12, 2025",labu,0.5,kg,"13,800","6,900",Jasuma,2,staff meals
"Friday, September 12, 2025",lobak putih,1,kg,"8,050","8,050",Jasuma,2,Reguler kitchen
"Friday, September 12, 2025",pakcoy,1.5,kg,"11,500","17,250",Jasuma,2,Reguler kitchen
"Friday, September 12, 2025",pakcoy,1,kg,"11,500","11,500",Jasuma,2,staff meals
"Friday, September 12, 2025",pisang tanduk,6,kg,"14,950","89,700",Jasuma,2,Reguler kitchen
"Friday, September 12, 2025",plastik 10 x 25,1,pack,"5,000","5,000",direct pasar,2,Reguler kitchen
"Friday, September 12, 2025",plastik 250 gr,1,pack,"6,000","6,000",direct pasar,2,Reguler kitchen
"Friday, September 12, 2025",sereh,0.5,kg,"13,800","6,900",Jasuma,2,Reguler kitchen
"Friday, September 12, 2025",sinti,3,pack,"5,750","17,250",Jasuma,2,staff meals
"Friday, September 12, 2025",tahu kuning,50,pcs,500,"25,000",direct pasar,2,Reguler kitchen
"Friday, September 12, 2025",telur asin,15,pcs,"4,600","69,000",Jasuma,2,Reguler kitchen
"Friday, September 12, 2025",telur ayam,3,kg,"31,970","95,910",Jasuma,2,Reguler kitchen
"Friday, September 12, 2025",tepung tapioka rosebrand 500gr,6,pack,"7,015","42,090",Jasuma,2,Reguler kitchen
"Friday, September 12, 2025",tepung terigu tulip 1 kg,8,pack,"11,040","88,320",Jasuma,2,Reguler kitchen
"Friday, September 12, 2025",tomat,0.5,kg,"11,500","5,750",Jasuma,2,Reguler kitchen
"Friday, September 12, 2025",trashbag 80x120,5,pack,"25,415","127,075",Jasuma,2,operational
"Saturday, September 13, 2025",dori grade b,6,pack,"38,500","231,000",Ko Aldi,2,Reguler kitchen
"Saturday, September 13, 2025",french fries 2 kg,10,pack,"70,000","700,000",Ko Aldi,2,Reguler kitchen
"Saturday, September 13, 2025",roti,3,pack,"18,000","54,000",rotindo,,Reguler kitchen
"Saturday, September 13, 2025",sosis 1 kg,5,pack,"75,000","375,000",Ko Aldi,2,Reguler kitchen
"Sunday, September 14, 2025",beras,25,kg,"14,000","350,000",bobotoh,2,staff meals
"Monday, September 15, 2025",bawang daun,0.5,kg,"16,000","8,000",direct pasar,3,Reguler kitchen
"Monday, September 15, 2025",kol putih,1.5,kg,"8,000","12,000",direct pasar,3,Reguler kitchen
"Monday, September 15, 2025",pakcoy,0.5,kg,"8,000","4,000",direct pasar,3,Reguler kitchen
"Monday, September 15, 2025",selada keriting,0.25,kg,"12,000","3,000",direct pasar,3,Reguler kitchen
"Monday, September 15, 2025",wortel,1,kg,"12,000","12,000",direct pasar,3,Reguler kitchen
"Tuesday, September 16, 2025",baking powder hercules,2,can,"17,710","35,420",Jasuma,3,Reguler kitchen
"Tuesday, September 16, 2025",bakso taruna,3,pack,"17,250","51,750",Jasuma,3,staff meals
"Tuesday, September 16, 2025",bawang bombay,1,kg,"35,000","35,000",pa jojo,3,Reguler kitchen
"Tuesday, September 16, 2025",bawang daun,1,kg,"16,000","16,000",pa jojo,3,Reguler kitchen
"Tuesday, September 16, 2025",bawang merah kupas,0.5,kg,"55,200","27,600",Jasuma,3,staff meals
"Tuesday, September 16, 2025",bawang putih kupas,0.5,kg,"48,000","24,000",Jasuma,3,staff meals
"Tuesday, September 16, 2025",cabe merah kering,0.5,kg,"115,000","57,500",Jasuma,3,Reguler kitchen
"Tuesday, September 16, 2025",cabe merah tanjung,3,kg,"73,000","219,000",pa jojo,3,Reguler kitchen
"Tuesday, September 16, 2025",cabe merah tanjung,0.5,kg,"92,000","46,000",Jasuma,3,staff meals
"Tuesday, September 16, 2025",cengek merah,2,kg,"40,000","80,000",pa jojo,3,Reguler kitchen
"Tuesday, September 16, 2025",cengek merah,0.5,kg,"43,700","21,850",Jasuma,3,staff meals
"Tuesday, September 16, 2025",collata dark 250gr,1,pack,"30,015","30,015",Jasuma,3,Reguler kitchen
"Tuesday, September 16, 2025",cuka dixi 650 ml,1,btl,"20,335","20,335",Jasuma,3,Reguler kitchen
"Tuesday, September 16, 2025",filet paha ayam,3,kg,"50,000","150,000",Jasuma,3,Reguler kitchen
"Tuesday, September 16, 2025",filet paha ayam,2,kg,"50,000","100,000",syariah Chicken,3,Reguler kitchen
"Tuesday, September 16, 2025",gula pasir curah,1,pack,"18,055","18,055",Jasuma,3,Reguler kitchen
"Tuesday, September 16, 2025",jeruk limau,0.5,kg,"32,000","16,000",pa jojo,3,Reguler kitchen
"Tuesday, September 16, 2025",kacang panjang,0.25,kg,"17,000","4,250",pa jojo,3,Reguler kitchen
"Tuesday, September 16, 2025",kecap borobuddur 550ml,1,pack,"27,946","27,946",Jasuma,3,Reguler kitchen
"Tuesday, September 16, 2025",kecap borobuddur 550ml,1,pack,"27,945","27,945",Jasuma,3,staff meals
"Tuesday, September 16, 2025",kentang dieng,2,kg,"20,000","40,000",pa jojo,3,Reguler kitchen
"Tuesday, September 16, 2025",kentang dieng,2,kg,"23,000","46,000",Jasuma,3,staff meals
"Tuesday, September 16, 2025",kerupuk ss,1,kg,"27,600","27,600",Jasuma,3,Reguler kitchen
"Tuesday, September 16, 2025",kol putih,4,kg,"10,000","40,000",pa jojo,3,Reguler kitchen
"Tuesday, September 16, 2025",kol putih,2,kg,"9,200","18,400",Jasuma,3,staff meals
"Tuesday, September 16, 2025",kunyit,0.25,kg,"16,100","4,025",Jasuma,3,Reguler kitchen
"Tuesday, September 16, 2025",lafonte spagheti 1 kg,1,pack,"31,050","31,050",Jasuma,3,Reguler kitchen
"Tuesday, September 16, 2025",mentega curah,2,kg,"27,600","55,200",Jasuma,3,Reguler kitchen
"Tuesday, September 16, 2025",mie atom,4,pack,"7,935","31,740",Jasuma,3,staff meals
"Tuesday, September 16, 2025",minyak sovia 18 l,18,liter,"20,700","372,600",Jasuma,3,Reguler kitchen
"Tuesday, September 16, 2025",pakcoy,1.5,kg,"9,000","13,500",pa jojo,3,Reguler kitchen
"Tuesday, September 16, 2025",pakcoy,0.5,kg,"11,500","5,750",Jasuma,3,staff meals
"Tuesday, September 16, 2025",pala biji,0.25,kg,"253,000","63,250",Jasuma,3,Reguler kitchen
"Tuesday, September 16, 2025",parsley,0.25,kg,"41,400","10,350",Jasuma,3,Reguler kitchen
"Tuesday, September 16, 2025",pisang tanduk,4,kg,"15,000","60,000",pa jojo,3,Reguler kitchen
"Tuesday, September 16, 2025",selada keriting,0.25,kg,"12,000","3,000",pa jojo,3,Reguler kitchen
"Tuesday, September 16, 2025",singkong,6,kg,"11,000","66,000",pa jojo,3,Reguler kitchen
"Tuesday, September 16, 2025",tahu kuning,20,pcs,690,"13,800",Jasuma,3,staff meals
"Tuesday, September 16, 2025",telur asin,10,pcs,"4,600","46,000",Jasuma,3,Reguler kitchen
"Tuesday, September 16, 2025",telur ayam,3,kg,"31,625","94,875",Jasuma,3,Reguler kitchen
"Tuesday, September 16, 2025",telur ayam,2,kg,"31,625","63,250",Jasuma,3,staff meals
"Tuesday, September 16, 2025",tempe,3,pcs,"12,650","37,950",Jasuma,3,staff meals
"Tuesday, September 16, 2025",tepung roti kuning,0.5,kg,"21,050","10,525",Jasuma,3,Reguler kitchen
"Tuesday, September 16, 2025",tepung roti putih,0.5,kg,"20,815","10,408",Jasuma,3,Reguler kitchen
"Tuesday, September 16, 2025",tepung tapioka rosebrand 500gr,4,pack,"5,031","20,124",Jasuma,3,Reguler kitchen
"Tuesday, September 16, 2025",tepung terigu tulip 1 kg,5,pack,"11,040","55,200",Jasuma,3,Reguler kitchen
"Tuesday, September 16, 2025",tetelan,1,kg,"100,000","100,000",syariah Chicken,3,Reguler kitchen
"Tuesday, September 16, 2025",timun,1,kg,"10,000","10,000",pa jojo,3,Reguler kitchen
"Tuesday, September 16, 2025",wortel,2,kg,"15,000","30,000",pa jojo,3,Reguler kitchen
"Tuesday, September 16, 2025",wortel,0.5,kg,"10,350","5,175",Jasuma,3,staff meals
"Wednesday, September 17, 2025",tahu kuning,100,pcs,600,"60,000",direct pasar,3,Reguler kitchen
"Friday, September 19, 2025",plastik 10 x 25,2,pack,"4,000","8,000",direct pasar,3,Reguler kitchen
"Friday, September 19, 2025",plastik 15 x 25,2,pack,"8,500","17,000",direct pasar,3,Reguler kitchen
"Saturday, September 20, 2025",cakue,5,pcs,"2,000","10,000",direct pasar,3,Reguler kitchen
"Saturday, September 20, 2025",cireng,10,pack,"14,650","146,500",online ,3,Reguler kitchen
"Saturday, September 20, 2025",tahu kuning,100,pcs,600,"60,000",direct pasar,3,Reguler kitchen
"Tuesday, September 23, 2025",ajinomoto msg 1 kg,1,pack,"59,122","59,122",Jasuma,4,Reguler kitchen
"Tuesday, September 23, 2025",baking powder hercules,2,can,"18,291","36,582",Jasuma,4,Reguler kitchen
"Tuesday, September 23, 2025",bakso taruna,3,pack,"17,637","52,911",Jasuma,4,staff meal
"Tuesday, September 23, 2025",bawang bombay,1.5,kg,"41,000","61,500",pa jojo,4,Reguler kitchen
"Tuesday, September 23, 2025",bawang daun,1,kg,"30,000","30,000",pa jojo,4,Reguler kitchen
"Tuesday, September 23, 2025",bawang merah kupas,1,kg,"70,000","70,000",pa jojo,4,Reguler kitchen
"Tuesday, September 23, 2025",bawang merah kupas,0.5,kg,"57,524","28,762",Jasuma,4,staff meal
"Tuesday, September 23, 2025",bawang putih kupas,1,kg,"53,000","53,000",pa jojo,4,Reguler kitchen
"Tuesday, September 23, 2025",bawang putih kupas,0.5,kg,"48,324","24,162",Jasuma,4,staff meal
"Tuesday, September 23, 2025",cabe merah kriting,0.5,kg,"100,000","50,000",pa jojo,4,Reguler kitchen
"Tuesday, September 23, 2025",cabe merah tanjung,1.5,kg,"56,667","85,000",pa jojo,4,Reguler kitchen
"Tuesday, September 23, 2025",cabe merah tanjung,0.5,kg,"94,324","47,162",Jasuma,4,staff meal
"Tuesday, September 23, 2025",cengek merah,1,kg,"83,000","83,000",pa jojo,4,Reguler kitchen
"Tuesday, September 23, 2025",cengek merah,0.5,kg,"38,324","19,162",Jasuma,4,staff meal
"Tuesday, September 23, 2025",chicken powder knorr 1 kg,2,pack,"113,741","227,482",Jasuma,4,Reguler kitchen
"Tuesday, September 23, 2025",cuka dixi 650 ml,1,btl,"21,517","21,517",Jasuma,4,Reguler kitchen
"Tuesday, September 23, 2025",daun mint,0.1,kg,"34,500","3,450",direct pasar,4,event
"Tuesday, September 23, 2025",garam dolina 500 gr,2,pack,"10,011","20,022",Jasuma,4,Reguler kitchen
"Tuesday, September 23, 2025",garlic powder,0.5,kg,"94,324","47,162",Jasuma,4,Reguler kitchen
"Tuesday, September 23, 2025",gula pasir curah,1,pack,"18,636","18,636",Jasuma,4,Reguler kitchen
"Tuesday, September 23, 2025",kacang panjang,0.25,kg,"24,000","6,000",pa jojo,4,Reguler kitchen
"Tuesday, September 23, 2025",kentang dieng,1.5,kg,"23,000","34,500",pa jojo,4,Reguler kitchen
"Tuesday, September 23, 2025",kentang dieng,2,kg,"23,581","47,162",Jasuma,4,staff meal
"Tuesday, September 23, 2025",kerupuk ss,1,kg,"27,000","27,000",pa jojo,4,Reguler kitchen
"Tuesday, September 23, 2025",kikil,4,kg,"29,040","116,160",Jasuma,4,staff meal
"Tuesday, September 23, 2025",kol putih,3,kg,"13,000","39,000",pa jojo,4,Reguler kitchen
"Tuesday, September 23, 2025",kol putih,2.5,kg,"9,200","23,000",Jasuma,4,staff meal
"Tuesday, September 23, 2025",lemon lokal,0.25,kg,"20,700","5,175",direct pasar,4,event
"Tuesday, September 23, 2025",mentega curah,2,kg,"28,181","56,362",Jasuma,4,Reguler kitchen
"Tuesday, September 23, 2025",mie atom,4,pack,"8,226","32,904",Jasuma,4,staff meal
"Tuesday, September 23, 2025",minyak sovia 18 l,18,liter,"20,765","373,762",Jasuma,4,Reguler kitchen
"Tuesday, September 23, 2025",pakcoy,1.5,kg,"13,000","19,500",pa jojo,4,Reguler kitchen
"Tuesday, September 23, 2025",pakcoy,0.5,kg,"14,974","7,487",Jasuma,4,staff meal
"Tuesday, September 23, 2025",paprika powder,0.5,kg,"111,574","55,787",Jasuma,4,Reguler kitchen
"Tuesday, September 23, 2025",parsley,0.1,kg,"10,000","1,000",pa jojo,4,Reguler kitchen
"Tuesday, September 23, 2025",pisang tanduk,3,kg,"15,000","45,000",pa jojo,4,Reguler kitchen
"Tuesday, September 23, 2025",santan kara 200 mll,4,kg,"16,966","67,864",Jasuma,4,Reguler kitchen
"Tuesday, September 23, 2025",selada keriting,0.5,kg,"20,000","10,000",pa jojo,4,Reguler kitchen
"Tuesday, September 23, 2025",sereh,0.5,kg,"24,000","12,000",pa jojo,4,Reguler kitchen
"Tuesday, September 23, 2025",tahu kuning,30,pcs,729,"21,861",Jasuma,4,staff meal
"Tuesday, September 23, 2025",telur asin,10,pcs,"5,000","50,000",pa jojo,4,Reguler kitchen
"Tuesday, September 23, 2025",telur ayam,3,kg,"33,000","99,000",pa jojo,4,Reguler kitchen
"Tuesday, September 23, 2025",telur ayam,2,kg,"32,551","65,102",Jasuma,4,staff meal
"Tuesday, September 23, 2025",tempe,3,pcs,"13,037","39,111",Jasuma,4,staff meal
"Tuesday, September 23, 2025",tepung roti kuning,0.5,kg,"24,174","12,087",Jasuma,4,Reguler kitchen
"Tuesday, September 23, 2025",tepung roti putih,0.5,kg,"23,139","11,570",Jasuma,4,Reguler kitchen
"Tuesday, September 23, 2025",tepung tapioka rosebrand 500gr,5,pack,"5,263","26,315",Jasuma,4,Reguler kitchen
"Tuesday, September 23, 2025",tepung terigu tulip 1 kg,10,pack,"11,041","110,410",Jasuma,4,Reguler kitchen
"Tuesday, September 23, 2025",timun,1,kg,"13,000","13,000",pa jojo,4,Reguler kitchen
"Tuesday, September 23, 2025",tomat,0.5,kg,"23,000","11,500",pa jojo,4,Reguler kitchen
"Tuesday, September 23, 2025",udang paname,0.5,kg,"80,000","40,000",direct pasar,4,rnd
"Tuesday, September 23, 2025",vanilla essen koepoe 60 ml,1,btl,"12,087","12,087",Jasuma,4,Reguler kitchen
"Tuesday, September 23, 2025",wortel,1,kg,"17,000","17,000",pa jojo,4,Reguler kitchen
"Tuesday, September 23, 2025",wortel,0.5,kg,"13,824","6,912",Jasuma,4,staff meal
"Wednesday, September 24, 2025",tahu kuning,100,pcs,600,"60,000",direct pasar,4,Reguler kitchen
"Thursday, September 25, 2025",daun mint,0.25,kg,"20,000","5,000",direct pasar,4,event
"Thursday, September 25, 2025",lemon lokal,0.25,kg,"20,000","5,000",direct pasar,,Reguler kitchen
"Thursday, September 25, 2025",semangka,2,kg,"30,000","60,000",direct pasar,4,event
"Thursday, September 25, 2025",trashbag 80x120,1,pack,"20,000","20,000",direct pasar,4,operational
"Friday, September 26, 2025",asam jawa,0.4,kg,"15,000","6,000",pa jojo,4,bar
"Friday, September 26, 2025",daun mint,0.25,kg,"20,000","5,000",direct pasar,4,event
"Friday, September 26, 2025",filet paha ayam,10,kg,"47,000","470,000",syariah Chicken,4,Reguler kitchen
"Friday, September 26, 2025",gula merah,1,kg,"23,000","23,000",pa jojo,4,bar
"Friday, September 26, 2025",kecombrang,5,pcs,"12,000","60,000",pa jojo,4,bar
"Friday, September 26, 2025",kol putih,1,kg,"13,000","13,000",pa jojo,4,Reguler kitchen
"Friday, September 26, 2025",lemon lokal,0.25,kg,"20,000","5,000",direct pasar,4,event
"Friday, September 26, 2025",lobak putih,1,kg,"15,000","15,000",pa jojo,4,Reguler kitchen
"Friday, September 26, 2025",pakcoy,1,kg,"13,000","13,000",pa jojo,4,Reguler kitchen
"Friday, September 26, 2025",pisang tanduk,3,kg,"15,000","45,000",pa jojo,4,Reguler kitchen
"Friday, September 26, 2025",semangka,5,kg,"12,000","60,000",direct pasar,4,event
"Friday, September 26, 2025",sengkel,1,kg,"135,000","135,000",syariah Chicken,4,Reguler kitchen
"Friday, September 26, 2025",singkong,6,kg,"11,000","66,000",pa jojo,4,Reguler kitchen
"Friday, September 26, 2025",tetelan iga,1,kg,"105,000","105,000",syariah Chicken,4,Reguler kitchen
"Friday, September 26, 2025",trashbag 80x120,1,pack,"30,000","30,000",pa jojo,4,operational
"Friday, September 26, 2025",wortel,1,kg,"17,000","17,000",pa jojo,4,Reguler kitchen
"Saturday, September 27, 2025",beras,25,kg,"14,000","350,000",bobotoh,4,Reguler kitchen
"Saturday, September 27, 2025",cireng,10,pack,"14,650","146,500",online ,4,Reguler kitchen
"Saturday, September 27, 2025",tahu kuning,100,pcs,600,"60,000",,,Reguler kitchen
"Sunday, September 28, 2025",bawang daun,1.5,kg,"20,000","30,000",pa jojo,4,Reguler kitchen
"Sunday, September 28, 2025",box take away,1,pack,"40,000","10,000",direct pasar,4,Reguler kitchen
"Sunday, September 28, 2025",cengek merah,1,kg,"80,000","80,000",pa jojo,4,Reguler kitchen
"Sunday, September 28, 2025",kentang dieng,1,kg,"25,000","25,000",pa jojo,4,Reguler kitchen
"Sunday, September 28, 2025",kerupuk ss,1,kg,"27,000","27,000",pa jojo,4,Reguler kitchen
"Sunday, September 28, 2025",kol putih,4,kg,"17,000","68,000",pa jojo,4,Reguler kitchen
"Sunday, September 28, 2025",lemon lokal,0.25,kg,"40,000","10,000",pa jojo,4,Reguler kitchen
"Sunday, September 28, 2025",pakcoy,3,kg,"13,000","39,000",pa jojo,4,Reguler kitchen
"Sunday, September 28, 2025",parsley,0.25,kg,"100,000","25,000",pa jojo,4,Reguler kitchen
"Sunday, September 28, 2025",pisang tanduk,3,kg,"15,000","45,000",pa jojo,4,Reguler kitchen
"Sunday, September 28, 2025",plastik 10x20,1,pack,"5,000","10,000",direct pasar,,Reguler kitchen
"Sunday, September 28, 2025",plastik 12x25,1,pack,"10,000","10,000",direct pasar,,Reguler kitchen
"Sunday, September 28, 2025",selada keriting,0.5,kg,"20,000","10,000",pa jojo,4,Reguler kitchen
"Sunday, September 28, 2025",semangka,9.3,kg,"16,989","158,000",pa jojo,4,event
"Sunday, September 28, 2025",telur asin,10,pcs,"5,000","50,000",pa jojo,4,Reguler kitchen
"Sunday, September 28, 2025",telur ayam,3,kg,"33,000","99,000",pa jojo,4,Reguler kitchen
"Sunday, September 28, 2025",wortel,1,kg,"17,000","17,000",pa jojo,4,Reguler kitchen
"Tuesday, September 30, 2025",ajinomoto msg 1 kg,1,pack,"64,000","64,000",pa jojo,4,Reguler kitchen
"Tuesday, September 30, 2025",bawang merah kupas,1.5,kg,"70,000","105,000",pa jojo,4,Reguler kitchen
"Tuesday, September 30, 2025",bawang putih kupas,1.5,kg,"53,000","79,500",pa jojo,4,Reguler kitchen
"Tuesday, September 30, 2025",cabe merah tanjung,1.5,kg,"73,000","109,500",pa jojo,4,Reguler kitchen
"Tuesday, September 30, 2025",chicken powder knorr 1 kg,1,pack,"120,000","120,000",pa jojo,4,Reguler kitchen
"Tuesday, September 30, 2025",gula pasir curah,1,pack,"23,000","23,000",pa jojo,4,Reguler kitchen
"Tuesday, September 30, 2025",jeruk limau,0.25,kg,"52,000","13,000",pa jojo,4,Reguler kitchen
"Tuesday, September 30, 2025",kacang kedelai,0.25,kg,"72,000","18,000",pa jojo,4,Reguler kitchen
"Tuesday, September 30, 2025",kecap borobuddur 550ml,2,pack,"25,000","50,000",pa jojo,4,Reguler kitchen
"Tuesday, September 30, 2025",kecap inggris sedap wangi,1,btl,"63,000","63,000",pa jojo,4,Reguler kitchen
"Tuesday, September 30, 2025",kemiri,1,kg,"59,000","59,000",pa jojo,4,Reguler kitchen
"Tuesday, September 30, 2025",kerupuk ss,0.5,kg,"28,000","14,000",pa jojo,4,Reguler kitchen
"Tuesday, September 30, 2025",ketumbar,0.25,kg,"80,000","20,000",pa jojo,4,Reguler kitchen
"Tuesday, September 30, 2025",lemon california,1,kg,"30,000","30,000",pa jojo,4,bar
"Tuesday, September 30, 2025",lengkuas merah,0.25,kg,"36,000","9,000",pa jojo,4,Reguler kitchen
"Tuesday, September 30, 2025",minyak sovia 18 l,12,liter,"20,833","250,000",pa jojo,4,Reguler kitchen
"Tuesday, September 30, 2025",tahu kuning,100,pcs,500,"90,000",,,Reguler kitchen
"Tuesday, September 30, 2025",tepung tapioka rosebrand 500gr,5,pack,"13,000","65,000",pa jojo,4,Reguler kitchen
"Tuesday, September 30, 2025",tepung terigu tulip 1 kg,5,pack,"15,000","75,000",pa jojo,4,Reguler kitchen
"Tuesday, September 30, 2025",timun,1,kg,"13,000","13,000",pa jojo,4,Reguler kitchen
"Tuesday, September 30, 2025",trashbag 80x120,3,pack,"30,000","90,000",pa jojo,4,operational
"Tuesday, September 30, 2025",wortel,1,kg,"17,000","17,000",pa jojo,4,Reguler kitchen
"Wednesday, October 1, 2025",bakso taruna,3,pack,"30,000","90,000",pa jojo,1,staff meals
"Wednesday, October 1, 2025",kecap borobudur 550 ml,1,pcs,"30,000","30,000",pa jojo,1,staff meals
"Wednesday, October 1, 2025",kentang dieng,2,kg,"32,000","64,000",pa jojo,1,staff meals
"Wednesday, October 1, 2025",kikil,2,kg,"30,000","60,000",pa jojo,1,staff meals
"Wednesday, October 1, 2025",kol putih,1.5,kg,"13,333","20,000",pa jojo,1,staff meals
"Wednesday, October 1, 2025",kulit ayam,1,kg,"35,000","35,000",pa jojo,1,staff meals
"Wednesday, October 1, 2025",mie atom,4,pack,"10,000","40,000",pa jojo,1,staff meals
"Wednesday, October 1, 2025",pakcoy,0.5,kg,"16,000","8,000",pa jojo,1,staff meals
"Wednesday, October 1, 2025",telur ayam,1,kg,"35,000","35,000",pa jojo,1,staff meals
"Wednesday, October 1, 2025",tempe,3,pack,"20,000","60,000",pa jojo,1,staff meals
"Wednesday, October 1, 2025",wortel,0.5,kg,"17,000","8,500",pa jojo,1,staff meals
"Thursday, October 2, 2025",bawang daun,1,kg,"30,000","30,000",pa jojo,1,reguler kitchen
"Thursday, October 2, 2025",bawang merah kupas,0.5,kg,"105,000","52,500",pa jojo,1,reguler kitchen
"Thursday, October 2, 2025",bawang putih kupas,0.5,kg,"79,000","39,500",pa jojo,1,reguler kitchen
"Thursday, October 2, 2025",bread crumb mix,1,kg,"25,000","25,000",pa jojo,1,reguler kitchen
"Thursday, October 2, 2025",cabe kering,1,kg,"110,000","110,000",pa jojo,1,reguler kitchen
"Thursday, October 2, 2025",cabe merah tanjung,0.5,kg,"109,500","54,750",pa jojo,1,reguler kitchen
"Thursday, October 2, 2025",cengek merah,0.5,kg,"83,000","41,500",pa jojo,1,reguler kitchen
"Thursday, October 2, 2025",chicken powder knorr 1 kg,1,pack,"120,000","120,000",pa jojo,1,reguler kitchen
"Thursday, October 2, 2025",delmonte saus sambal 5.7 kg,1,jar,"135,000","135,000",pa jojo,1,reguler kitchen
"Thursday, October 2, 2025",delmonte saus tomat 5.7 kg,1,jar,"120,000","120,000",pa jojo,1,reguler kitchen
"Thursday, October 2, 2025",kacang panjang,0.5,kg,"20,000","10,000",pa jojo,1,reguler kitchen
"Thursday, October 2, 2025",kecap borobudur 550 ml,4,pack,"30,000","120,000",pa jojo,1,reguler kitchen
"Thursday, October 2, 2025",kelapa parut,0.5,kg,"40,000","20,000",pa jojo,1,reguler kitchen
"Thursday, October 2, 2025",lemon lokal,0.5,kg,"30,000","15,000",pa jojo,1,reguler kitchen
"Thursday, October 2, 2025",maestro mayonaise 1 kg,2,pack,"20,000","40,000",pa jojo,1,reguler kitchen
"Thursday, October 2, 2025",mentega curah,2,kg,"29,000","58,000",pa jojo,1,reguler kitchen
"Thursday, October 2, 2025",pakcoy,1.5,kg,"16,000","24,000",pa jojo,1,reguler kitchen
"Thursday, October 2, 2025",pisang tanduk,3,kg,"15,000","45,000",pa jojo,1,reguler kitchen
"Thursday, October 2, 2025",selada keriting,0.25,kg,"20,000","5,000",pa jojo,1,reguler kitchen
"Thursday, October 2, 2025",sereh,0.5,kg,"24,000","12,000",pa jojo,1,reguler kitchen
"Thursday, October 2, 2025",telur asin,10,pcs,"5,000","50,000",pa jojo,1,reguler kitchen
"Thursday, October 2, 2025",telur ayam,3,kg,"33,000","99,000",pa jojo,1,reguler kitchen
"Thursday, October 2, 2025",tepung terigu tulip 1 kg,5,pack,"15,000","75,000",pa jojo,1,reguler kitchen
"Thursday, October 2, 2025",tomat,0.25,kg,"36,000","9,000",pa jojo,1,reguler kitchen
"Thursday, October 2, 2025",trash bag 80x120,5,pack,"30,000","150,000",pa jojo,1,operational
"Thursday, October 2, 2025",wortel,0.5,kg,"17,000","8,500",pa jojo,1,reguler kitchen
"Saturday, October 4, 2025",baking powder hercules,0.2,kg,"100,000","20,000",pa jojo,1,reguler kitchen
"Saturday, October 4, 2025",bakso ikan teman laut 200 gr,2,pack,"15,000","30,000",pa jojo,1,reguler kitchen
"Saturday, October 4, 2025",bawang bombay,1,kg,"40,000","40,000",pa jojo,1,reguler kitchen
"Saturday, October 4, 2025",bawang daun,1,kg,"30,000","30,000",pa jojo,1,reguler kitchen
"Saturday, October 4, 2025",bawang merah kupas,1,kg,"105,000","105,000",pa jojo,1,reguler kitchen
"Saturday, October 4, 2025",beras,25,kg,"14,000","350,000",bobotoh,1,reguler kitchen
"Saturday, October 4, 2025",cabe merah tanjung,0.5,kg,"72,000","36,000",pa jojo,1,reguler kitchen
"Saturday, October 4, 2025",cengek merah,0.5,kg,"80,000","40,000",pa jojo,1,reguler kitchen
"Saturday, October 4, 2025",cireng,4,pack,"14,625","58,500",online ,1,reguler kitchen
"Saturday, October 4, 2025",emping besar,0.5,kg,"114,000","57,000",pa jojo,1,reguler kitchen
"Saturday, October 4, 2025",garam dolina,2,pack,"12,500","25,000",pa jojo,1,reguler kitchen
"Saturday, October 4, 2025",gula pasir curah,2,kg,"22,000","44,000",pa jojo,1,reguler kitchen
"Saturday, October 4, 2025",jeruk limau,0.25,kg,"80,000","20,000",pa jojo,1,reguler kitchen
"Saturday, October 4, 2025",kentang dieng,1,kg,"2,000","2,000",pa jojo,1,reguler kitchen
"Saturday, October 4, 2025",kerupuk ss,1,kg,"28,000","28,000",pa jojo,1,reguler kitchen
"Saturday, October 4, 2025",kol putih,4,kg,"13,000","52,000",pa jojo,1,reguler kitchen
"Saturday, October 4, 2025",kresek plastik diamond uk 15,6,pack,"9,000","54,000",pa jojo,1,operational
"Saturday, October 4, 2025",kresek plastik diamond uk 24,6,pack,"15,000","90,000",pa jojo,1,operational
"Saturday, October 4, 2025",la fonte spagheti 1 kg,3,pack,"39,790","119,370",pa jojo,1,reguler kitchen
"Saturday, October 4, 2025",lemon lokal,1,kg,"79,000","79,000",pa jojo,1,reguler kitchen
"Saturday, October 4, 2025",minyak sovia 18 L,1,pack,"375,000","375,000",pa jojo,1,reguler kitchen
"Saturday, October 4, 2025",pakcoy,2,kg,"16,000","32,000",pa jojo,1,reguler kitchen
"Saturday, October 4, 2025",parsley,0.15,kg,"133,333","20,000",pa jojo,1,reguler kitchen
"Saturday, October 4, 2025",pisang tanduk,5,kg,"17,000","85,000",pa jojo,1,reguler kitchen
"Saturday, October 4, 2025",plastik 10x20,6,pack,"7,833","47,000",pa jojo,1,reguler kitchen
"Saturday, October 4, 2025",plastik 12 x 25,6,pack,"12,000","72,000",pa jojo,1,reguler kitchen
"Saturday, October 4, 2025",plastik one cup,6,pack,"9,000","54,000",pa jojo,1,reguler kitchen
"Saturday, October 4, 2025",selada keriting,0.5,kg,"20,000","10,000",pa jojo,1,reguler kitchen
"Saturday, October 4, 2025",singkong,6,kg,"11,000","66,000",pa jojo,1,reguler kitchen
"Saturday, October 4, 2025",tahu kuning,100,pcs,600,"60,000",direct pasar,1,reguler kitchen
"Saturday, October 4, 2025",telur asin,10,pcs,"5,000","50,000",pa jojo,1,reguler kitchen
"Saturday, October 4, 2025",telur ayam,3,kg,"33,000","99,000",pa jojo,1,reguler kitchen
"Saturday, October 4, 2025",tepung tapioka rosebrand 500 gr,5,pack,"10,000","50,000",pa jojo,1,reguler kitchen
"Saturday, October 4, 2025",timun,1,kg,"13,000","13,000",pa jojo,1,reguler kitchen
"Saturday, October 4, 2025",vanilla essen koepoe 60 ml,2,btl,"12,000","24,000",pa jojo,1,reguler kitchen
"Saturday, October 4, 2025",wortel,1,kg,"17,000","17,000",pa jojo,1,reguler kitchen
"Tuesday, October 7, 2025",bakso taruna,3,pack,"30,000","90,000",pa jojo,1,staff meals
"Tuesday, October 7, 2025",bawang bombay,1,kg,"40,000","40,000",pa jojo,1,reguler kitchen
"Tuesday, October 7, 2025",bawang daun,1,kg,"30,000","30,000",pa jojo,1,reguler kitchen
"Tuesday, October 7, 2025",bawang merah kupas,1,kg,"105,000","105,000",pa jojo,1,reguler kitchen
"Tuesday, October 7, 2025",bawang merah kupas,0.5,kg,"105,000","52,500",pa jojo,1,staff meals
"Tuesday, October 7, 2025",bawang putih kupas,1,kg,"79,000","79,000",pa jojo,1,reguler kitchen
"Tuesday, October 7, 2025",bawang putih kupas,0.5,kg,"79,000","39,500",pa jojo,1,staff meals
"Tuesday, October 7, 2025",cabe merah tanjung,1.5,kg,"72,000","108,000",pa jojo,1,reguler kitchen
"Tuesday, October 7, 2025",cengek merah,1,kg,"80,000","80,000",pa jojo,1,reguler kitchen
"Tuesday, October 7, 2025",chicken powder knorr 1 kg,2,pack,"120,000","240,000",pa jojo,1,reguler kitchen
"Tuesday, October 7, 2025",cikur,0.25,kg,"68,000","17,000",pa jojo,1,reguler kitchen
"Tuesday, October 7, 2025",filet paha ayam,11,kg,"46,000","506,000",syariah Chicken,1,reguler kitchen
"Tuesday, October 7, 2025",floor cleaner apple 5 l,1,jar,"32,000","32,000",surya cemerlang,1,operational
"Tuesday, October 7, 2025",gula pasir curah,3,kg,"22,000","66,000",pa jojo,1,reguler kitchen
"Tuesday, October 7, 2025",kecap borobudur 550 ml,3,pack,"30,000","90,000",pa jojo,1,reguler kitchen
"Tuesday, October 7, 2025",kecap borobudur 550 ml,1,pack,"30,000","30,000",pa jojo,1,staff meals
"Tuesday, October 7, 2025",kecombrang,5,pcs,"5,000","25,000",pa jojo,1,reguler kitchen
"Tuesday, October 7, 2025",kembang tahu,1,pack,"15,000","15,000",pa jojo,1,staff meals
"Tuesday, October 7, 2025",kemiri,0.5,kg,"59,000","29,500",pa jojo,1,reguler kitchen
"Tuesday, October 7, 2025",kentang dieng,2,kg,"32,000","64,000",pa jojo,1,staff meals
"Tuesday, October 7, 2025",kikil,2,kg,"30,000","60,000",pa jojo,1,staff meals
"Tuesday, October 7, 2025",kol putih,5,kg,"13,000","65,000",pa jojo,1,reguler kitchen
"Tuesday, October 7, 2025",kol putih,1,kg,"26,000","26,000",pa jojo,1,staff meals
"Tuesday, October 7, 2025",kulit ayam,3,kg,"35,000","105,000",pa jojo,1,staff meals
"Tuesday, October 7, 2025",mie atom,4,pack,"10,000","40,000",pa jojo,1,staff meals
"Tuesday, October 7, 2025",pakcoy,1,kg,"16,000","16,000",pa jojo,1,reguler kitchen
"Tuesday, October 7, 2025",pakcoy,0.5,kg,"16,000","8,000",pa jojo,1,staff meals
"Tuesday, October 7, 2025",parsley,0.1,kg,"80,000","8,000",pa jojo,1,reguler kitchen
"Tuesday, October 7, 2025",pembersih kaca 5 l,1,jar,"32,000","32,000",surya cemerlang,1,operational
"Tuesday, October 7, 2025",pembersih kerak 5 l,1,jar,"32,000","32,000",surya cemerlang,1,operational
"Tuesday, October 7, 2025",pisang tanduk,3,kg,"17,000","51,000",pa jojo,1,reguler kitchen
"Tuesday, October 7, 2025",sabun cuci piring 5 l,7,jar,"49,000","343,000",surya cemerlang,1,operational
"Tuesday, October 7, 2025",sabun cuci tangan 5 l,5,jar,"42,000","210,000",surya cemerlang,1,operational
"Tuesday, October 7, 2025",selada keriting,0.5,kg,"20,000","10,000",pa jojo,1,reguler kitchen
"Tuesday, October 7, 2025",sereh,0.5,kg,"24,000","12,000",pa jojo,1,reguler kitchen
"Tuesday, October 7, 2025",tahu kuning,100,pcs,600,"60,000",direct pasar,1,reguler kitchen
"Tuesday, October 7, 2025",telur ayam,3,kg,"33,000","99,000",pa jojo,1,reguler kitchen
"Tuesday, October 7, 2025",telur ayam,1,kg,"33,000","33,000",pa jojo,1,staff meals
"Tuesday, October 7, 2025",tempe,3,pack,"20,000","60,000",pa jojo,1,staff meals
"Tuesday, October 7, 2025",tepung tapioka rosebrand 500 gr,5,pack,"10,000","50,000",pa jojo,1,reguler kitchen
"Tuesday, October 7, 2025",tepung terigu tulip 1 kg,10,pack,"15,000","150,000",pa jojo,1,reguler kitchen
"Tuesday, October 7, 2025",timun,1,kg,"13,000","13,000",pa jojo,1,reguler kitchen
"Tuesday, October 7, 2025",tomat,0.5,kg,"36,000","18,000",pa jojo,1,reguler kitchen
"Tuesday, October 7, 2025",wortel,1,kg,"17,000","17,000",pa jojo,1,reguler kitchen
"Tuesday, October 7, 2025",wortel,0.5,kg,"17,000","8,500",pa jojo,1,staff meals
"Wednesday, October 8, 2025",filet paha ayam,4,kg,"46,000","184,000",syariah Chicken,2,reguler kitchen
"Thursday, October 9, 2025",cengek merah,0.5,kg,"46,000","23,000",Jasuma,2,reguler kitchen
"Thursday, October 9, 2025",kacang panjang,0.25,kg,"18,400","4,600",Jasuma,2,reguler kitchen
"Thursday, October 9, 2025",kelapa parut,0.5,kg,"32,200","16,100",Jasuma,2,reguler kitchen
"Thursday, October 9, 2025",kerupuk ss,1,kg,"27,600","27,600",Jasuma,2,reguler kitchen
"Thursday, October 9, 2025",mentega curah,1,kg,"27,600","27,600",Jasuma,2,reguler kitchen
"Thursday, October 9, 2025",minyak sovia 18 L,1,dus,"376,500","376,500",Jasuma,2,reguler kitchen
"Thursday, October 9, 2025",pakcoy,1,kg,"12,650","12,650",Jasuma,2,reguler kitchen
"Thursday, October 9, 2025",telur asin,5,pcs,"4,600","23,000",Jasuma,2,reguler kitchen
"Saturday, October 11, 2025",ajinomoto msg 500 gr,1,pack,"32,016","32,016",Jasuma,2,reguler kitchen
"Saturday, October 11, 2025",bawang bombay,1,kg,"40,000","40,000",pa jojo,2,reguler kitchen
"Saturday, October 11, 2025",bawang daun,1,kg,"29,000","29,000",pa jojo,2,reguler kitchen
"Saturday, October 11, 2025",bawang putih kupas,1,kg,"79,000","79,000",pa jojo,2,reguler kitchen
"Saturday, October 11, 2025",cabe merah tanjung,0.5,kg,"70,000","35,000",pa jojo,2,reguler kitchen
"Saturday, October 11, 2025",cengek merah,0.5,kg,"78,000","39,000",pa jojo,2,reguler kitchen
"Saturday, October 11, 2025",cireng,10,pack,"13,850","138,500",online ,2,reguler kitchen
"Saturday, October 11, 2025",cup sauce takeaway 25 ml,2,pack,"15,000","30,000",pa jojo,2,reguler kitchen
"Saturday, October 11, 2025",daun mint,0.25,kg,"34,900","8,725",Jasuma,2,event
"Saturday, October 11, 2025",gula pasir curah,3,kg,"18,328","54,984",Jasuma,2,reguler kitchen
"Saturday, October 11, 2025",jeruk limau,0.25,kg,"72,000","18,000",pa jojo,2,reguler kitchen
"Saturday, October 11, 2025",kentang dieng,1,kg,"25,000","25,000",pa jojo,2,reguler kitchen
"Saturday, October 11, 2025",kerupuk ss,1,kg,"27,840","27,840",Jasuma,2,reguler kitchen
"Saturday, October 11, 2025",kol putih,4,kg,"13,000","52,000",pa jojo,2,reguler kitchen
"Saturday, October 11, 2025",kunyit,0.5,kg,"22,000","11,000",pa jojo,2,reguler kitchen
"Saturday, October 11, 2025",lemon california,1,kg,"23,200","23,200",Jasuma,2,reguler kitchen
"Saturday, October 11, 2025",lemon lokal,0.5,kg,"23,200","11,600",Jasuma,2,reguler kitchen
"Saturday, October 11, 2025",lengkuas merah,0.5,kg,"30,000","15,000",pa jojo,2,reguler kitchen
"Saturday, October 11, 2025",mentega curah,2,kg,"27,840","55,680",Jasuma,2,reguler kitchen
"Saturday, October 11, 2025",pakcoy,2,kg,"15,000","30,000",pa jojo,2,reguler kitchen
"Saturday, October 11, 2025",paper wrap 15x15,3,pack,"15,000","45,000",pa jojo,2,operational
"Saturday, October 11, 2025",parsley,0.25,kg,0,,pa jojo,2,reguler kitchen
"Saturday, October 11, 2025",pisang tanduk,4,kg,"12,750","51,000",pa jojo,2,reguler kitchen
"Saturday, October 11, 2025",selada keriting,0.5,kg,"20,000","10,000",pa jojo,2,reguler kitchen
"Saturday, October 11, 2025",seledri,0.25,kg,"28,000","7,000",pa jojo,2,reguler kitchen
"Saturday, October 11, 2025",semangka,5.6,kg,"13,920","77,952",Jasuma,2,event
"Saturday, October 11, 2025",sendok gapu takeaway,2,pack,0,0,pa jojo,2,reguler kitchen
"Saturday, October 11, 2025",sereh,0.5,kg,"24,000","12,000",pa jojo,2,reguler kitchen
"Saturday, October 11, 2025",tahu kuning,100,pcs,600,"60,000",direct pasar,2,reguler kitchen
"Saturday, October 11, 2025",telur asin,15,pcs,"4,640","69,600",Jasuma,2,reguler kitchen
"Saturday, October 11, 2025",telur ayam,4,kg,"33,406","133,624",Jasuma,2,reguler kitchen
"Saturday, October 11, 2025",tepung tapioka rosebrand 500 gr,3,pack,"5,075","15,225",Jasuma,2,reguler kitchen
"Saturday, October 11, 2025",tepung terigu tulip 1 kg,5,pack,"11,020","55,100",Jasuma,2,reguler kitchen
"Saturday, October 11, 2025",timun,1,kg,"12,000","12,000",pa jojo,2,reguler kitchen
"Saturday, October 11, 2025",tomat,0.5,kg,"20,000","10,000",pa jojo,2,reguler kitchen
"Saturday, October 11, 2025",trash bag 80x120,3,pack,"30,000","90,000",pa jojo,2,operational
"Saturday, October 11, 2025",wortel,1,kg,"17,000","17,000",pa jojo,2,reguler kitchen
"Sunday, October 12, 2025",beras,50,kg,"14,000","700,000",bobotoh,2,reguler kitchen
"Monday, October 13, 2025",gas 12 kg,4,tbg,"195,000","780,000",My Gas,2,reguler kitchen
"Tuesday, October 14, 2025",bakso taruna,3,pack,"17,400","52,200",Jasuma,2,staff meals
"Tuesday, October 14, 2025",bawang bombay,0.5,kg,"40,000","20,000",pa jojo,2,reguler kitchen
"Tuesday, October 14, 2025",bawang daun,0.5,kg,"40,000","20,000",pa jojo,2,reguler kitchen
"Tuesday, October 14, 2025",bawang putih kupas,1,kg,"79,000","79,000",pa jojo,2,reguler kitchen
"Tuesday, October 14, 2025",bawang putih kupas,0.5,kg,"46,400","23,200",Jasuma,2,staff meals
"Tuesday, October 14, 2025",cabe merah tanjung,0.5,kg,"90,000","45,000",pa jojo,2,reguler kitchen
"Tuesday, October 14, 2025",cabe merah tanjung,0.5,kg,"81,200","40,600",Jasuma,2,staff meals
"Tuesday, October 14, 2025",cengek merah,0.5,kg,"78,000","39,000",pa jojo,2,reguler kitchen
"Tuesday, October 14, 2025",cengek merah,0.5,kg,"46,400","23,200",Jasuma,2,staff meals
"Tuesday, October 14, 2025",cup seal,1,roll,"58,000","58,000",Jasuma,2,operational
"Tuesday, October 14, 2025",daun salam,0.25,kg,"40,000","10,000",pa jojo,2,reguler kitchen
"Tuesday, October 14, 2025",Filet paha ayam,10,kg,"48,000","480,000",syariah Chicken,2,reguler kitchen
"Tuesday, October 14, 2025",jamur tiram,0.5,kg,"26,680","13,340",Jasuma,2,staff meals
"Tuesday, October 14, 2025",kacang panjang,0.5,kg,"24,000","12,000",pa jojo,2,reguler kitchen
"Tuesday, October 14, 2025",kembang tahu,1,pack,"17,400","17,400",Jasuma,2,staff meals
"Tuesday, October 14, 2025",kentang dieng,2,kg,"23,200","46,400",Jasuma,2,staff meals
"Tuesday, October 14, 2025",kikil,3,kg,"29,000","87,000",Jasuma,2,staff meals
"Tuesday, October 14, 2025",kol putih,1.6,kg,"12,500","20,000",pa jojo,2,reguler kitchen
"Tuesday, October 14, 2025",kol putih,1,kg,"9,280","9,280",Jasuma,2,staff meals
"Tuesday, October 14, 2025",kulit ayam,2,kg,"31,000","62,000",Jasuma,2,staff meals
"Tuesday, October 14, 2025",mie atom,4,pack,"6,960","27,840",Jasuma,2,staff meals
"Tuesday, October 14, 2025",minyak sovia 18 L,1,dus,"379,320","379,320",Jasuma,2,reguler kitchen
"Tuesday, October 14, 2025",pakcoy,1,kg,"15,000","15,000",pa jojo,2,reguler kitchen
"Tuesday, October 14, 2025",pakcoy,1,kg,"12,760","12,760",Jasuma,2,staff meals
"Tuesday, October 14, 2025",parsley,0.25,kg,"100,000","25,000",pa jojo,2,reguler kitchen
"Tuesday, October 14, 2025",pisang tanduk,2,kg,"12,750","25,500",pa jojo,2,reguler kitchen
"Tuesday, October 14, 2025",plastik sarung tangan,1,pack,"5,394","5,394",Jasuma,2,reguler kitchen
"Tuesday, October 14, 2025",selada keriting,0.5,kg,"20,000","10,000",pa jojo,2,reguler kitchen
"Tuesday, October 14, 2025",sendok garpu TA,2,pack,"8,000","16,000",pa jojo,2,reguler kitchen
"Tuesday, October 14, 2025",sengkel sapi,1,kg,"135,000","135,000",syariah Chicken,2,reguler kitchen
"Tuesday, October 14, 2025",tahu kuning,100,pcs,600,"60,000",direct pasar,2,reguler kitchen
"Tuesday, October 14, 2025",tahu kuning,30,pcs,696,"20,880",Jasuma,2,staff meals
"Tuesday, October 14, 2025",telur ayam,1,kg,"33,000","33,000",pa jojo,2,reguler kitchen
"Tuesday, October 14, 2025",telur ayam,2,kg,"34,220","68,440",Jasuma,2,staff meals
"Tuesday, October 14, 2025",tempe,4,pack,"12,760","51,040",Jasuma,2,staff meals
"Tuesday, October 14, 2025",tepung roti kuning,1,kg,"22,040","22,040",Jasuma,2,reguler kitchen
"Tuesday, October 14, 2025",tepung roti putih,1,kg,"20,996","20,996",Jasuma,2,reguler kitchen
"Tuesday, October 14, 2025",tepung tapioka rosebrand 500 gr,5,pack,"5,075","25,375",Jasuma,2,reguler kitchen
"Tuesday, October 14, 2025",tepung terigu tulip 1 kg,6,pack,"11,020","66,120",Jasuma,2,reguler kitchen
"Tuesday, October 14, 2025",tetelan iga,1,kg,"100,000","100,000",syariah Chicken,2,reguler kitchen
"Tuesday, October 14, 2025",timun,0.5,kg,"12,000","6,000",pa jojo,2,reguler kitchen
"Tuesday, October 14, 2025",tomat,0.5,kg,"24,000","12,000",pa jojo,2,reguler kitchen
"Tuesday, October 14, 2025",wortel,0.5,kg,"17,000","8,500",pa jojo,2,reguler kitchen
"Tuesday, October 14, 2025",wortel,1,kg,"12,760","12,760",Jasuma,2,staff meals
"Thursday, October 16, 2025",bawang daun,0.5,kg,"15,060","7,530",Jasuma,3,reguler kitchen
"Thursday, October 16, 2025",bawang merah kupas,1,kg,"55,680","55,680",Jasuma,3,reguler kitchen
"Thursday, October 16, 2025",bawang putih kupas,1,kg,"46,400","46,400",Jasuma,3,reguler kitchen
"Thursday, October 16, 2025",cabe merah tanjung,1,kg,"75,400","75,400",Jasuma,3,reguler kitchen
"Thursday, October 16, 2025",cengek merah,0.5,kg,"46,400","23,200",Jasuma,3,reguler kitchen
"Thursday, October 16, 2025",kerupuk ss,0.5,kg,"27,840","13,920",Jasuma,3,reguler kitchen
"Thursday, October 16, 2025",kol putih,2,kg,"9,280","18,560",Jasuma,3,reguler kitchen
"Thursday, October 16, 2025",pakcoy,2,kg,"12,760","25,520",Jasuma,3,reguler kitchen
"Thursday, October 16, 2025",pisang tanduk,3,kg,"16,240","48,720",Jasuma,3,reguler kitchen
"Thursday, October 16, 2025",santan kara 200 ml,2,pcs,"16,320","32,640",Jasuma,3,reguler kitchen
"Thursday, October 16, 2025",selada keriting,0.5,kg,"13,920","6,960",Jasuma,3,reguler kitchen
"Thursday, October 16, 2025",sereh,0.5,kg,"13,920","6,960",Jasuma,3,reguler kitchen
"Thursday, October 16, 2025",singkong,6,kg,"6,960","41,760",Jasuma,3,reguler kitchen
"Thursday, October 16, 2025",telur asin,10,pcs,"4,640","46,400",Jasuma,3,reguler kitchen
"Thursday, October 16, 2025",telur ayam,2,kg,"34,220","68,440",Jasuma,3,reguler kitchen
"Thursday, October 16, 2025",tepung terigu tulip 1 kg,4,pack,"11,020","44,080",Jasuma,3,reguler kitchen
"Thursday, October 16, 2025",wortel,1,kg,"13,920","13,920",Jasuma,3,reguler kitchen
"Saturday, October 18, 2025",bawang bombay,1,kg,"41,760","41,760",Jasuma,3,reguler kitchen
"Saturday, October 18, 2025",bawang daun,0.5,kg,"16,080","8,040",Jasuma,3,reguler kitchen
"Saturday, October 18, 2025",bawang putih kupas,1,kg,"46,400","46,400",Jasuma,3,reguler kitchen
"Saturday, October 18, 2025",cabe merah tanjung,0.5,kg,"75,400","37,700",Jasuma,3,reguler kitchen
"Saturday, October 18, 2025",cengek merah,0.5,kg,"46,400","23,200",Jasuma,3,reguler kitchen
"Saturday, October 18, 2025",chicken powder knorr 1 kg,1,pack,"104,400","104,400",Jasuma,3,reguler kitchen
"Saturday, October 18, 2025",french fries 2 kg,1,pack,"77,000","77,000",online ,3,reguler kitchen
"Saturday, October 18, 2025",gula pasir curah,3,kg,"18,328","54,984",Jasuma,3,reguler kitchen
"Saturday, October 18, 2025",jeruk limau,0.5,kg,"46,400","23,200",Jasuma,3,reguler kitchen
"Saturday, October 18, 2025",kentang dieng,0.5,kg,"23,200","11,600",Jasuma,3,reguler kitchen
"Saturday, October 18, 2025",kol putih,2,kg,"9,280","18,560",Jasuma,3,reguler kitchen
"Saturday, October 18, 2025",pakcoy,2,kg,"12,760","25,520",Jasuma,3,reguler kitchen
"Saturday, October 18, 2025",pisang tanduk,4,kg,"16,240","64,960",Jasuma,3,reguler kitchen
"Saturday, October 18, 2025",tahu kuning,100,pcs,500,"50,000",direct pasar,3,reguler kitchen
"Saturday, October 18, 2025",telur asin,10,pcs,"4,640","46,400",Jasuma,3,reguler kitchen
"Saturday, October 18, 2025",telur ayam,3,kg,"34,104","102,312",Jasuma,3,reguler kitchen
"Saturday, October 18, 2025",tepung tapioka rosebrand 500 gr,4,pack,"5,075","20,300",Jasuma,3,reguler kitchen
"Saturday, October 18, 2025",tepung terigu tulip 1 kg,6,pack,"11,020","66,120",Jasuma,3,reguler kitchen
"Saturday, October 18, 2025",tetelan iga,1,kg,"127,600","127,600",Jasuma,3,reguler kitchen
"Saturday, October 18, 2025",timun,1,kg,"9,280","9,280",Jasuma,3,reguler kitchen
"Saturday, October 18, 2025",tomat,0.5,kg,"11,600","5,800",Jasuma,3,reguler kitchen
"Saturday, October 18, 2025",wortel,1,kg,"13,920","13,920",Jasuma,3,reguler kitchen
"Monday, October 20, 2025",ajinomoto msg 500 gr,2,pack,"31,088","62,176",Jasuma,3,staff meals
"Monday, October 20, 2025",bakso taruna,3,pack,"17,400","52,200",Jasuma,3,staff meals
"Monday, October 20, 2025",bawang daun,0.25,kg,"15,080","3,770",Jasuma,3,staff meals
"Monday, October 20, 2025",bihun segitiga,2,pack,"6,960","13,920",Jasuma,3,staff meals
"Monday, October 20, 2025",chicken powder knorr 1 kg,1,pack,"104,400","104,400",Jasuma,3,staff meals
"Monday, October 20, 2025",filet dada ayam,0.5,kg,"50,000","25,000",Jasuma,3,staff meals
"Monday, October 20, 2025",garam dolina,1,pack,"9,512","9,512",Jasuma,3,staff meals
"Monday, October 20, 2025",kentang dieng,2,kg,"23,200","46,400",Jasuma,3,staff meals
"Monday, October 20, 2025",kol putih,2,kg,"9,280","18,560",Jasuma,3,staff meals
"Monday, October 20, 2025",minyak rosebrand 2 l,1,pack,"43,694","43,694",Jasuma,3,staff meals
"Monday, October 20, 2025",pakcoy,1,kg,"12,760","12,760",Jasuma,3,staff meals
"Monday, October 20, 2025",sayap ayam,4,kg,"38,000","152,000",Jasuma,3,staff meals
"Monday, October 20, 2025",tahu kuning,30,pcs,696,"20,880",Jasuma,3,staff meals
"Monday, October 20, 2025",telur ayam,1,kg,"34,104","34,104",Jasuma,3,staff meals
"Monday, October 20, 2025",tempe,2,pack,"12,760","25,520",Jasuma,3,staff meals
"Monday, October 20, 2025",wortel,0.5,kg,"13,920","6,960",Jasuma,3,staff meals
"Tuesday, October 21, 2025",baking powder hercules 110gr,3,can,"17,864","53,592",Jasuma,3,reguler kitchen
"Tuesday, October 21, 2025",bawang bombay,1,kg,"40,000","40,000",pa jojo,3,reguler kitchen
"Tuesday, October 21, 2025",bawang daun,1,kg,"29,000","29,000",pa jojo,3,reguler kitchen
"Tuesday, October 21, 2025",bawang merah kupas,1,kg,"95,000","95,000",pa jojo,3,reguler kitchen
"Tuesday, October 21, 2025",bawang putih kupas,1,kg,"79,000","79,000",pa jojo,3,reguler kitchen
"Tuesday, October 21, 2025",cabe merah tanjung,1.5,kg,"157,500","105,000",pa jojo,3,reguler kitchen
"Tuesday, October 21, 2025",cengek merah,1,kg,"79,000","79,000",pa jojo,3,reguler kitchen
"Tuesday, October 21, 2025",dori grade b,10,pack,"41,500","415,000",Ko Aldi,3,reguler kitchen
"Tuesday, October 21, 2025",filet paha ayam,5,kg,"47,500","237,500",Jasuma,3,reguler kitchen
"Tuesday, October 21, 2025",french fries 2 kg,5,pack,"75,000","375,000",Ko Aldi,3,reguler kitchen
"Tuesday, October 21, 2025",gula pasir curah,5,kg,"18,328","91,640",Jasuma,3,reguler kitchen
"Tuesday, October 21, 2025",kecap manis sedang borobudur 400ml,4,pack,"20,300","81,200",Jasuma,3,reguler kitchen
"Tuesday, October 21, 2025",kentang dieng,1,kg,"25,000","25,000",pa jojo,3,reguler kitchen
"Tuesday, October 21, 2025",kerupuk ss,1,kg,"27,840","27,840",Jasuma,3,reguler kitchen
"Tuesday, October 21, 2025",kol putih,2,kg,"52,000","26,000",pa jojo,3,reguler kitchen
"Tuesday, October 21, 2025",la fonte spagheti 1 kg,2,pack,"32,480","64,960",Jasuma,3,reguler kitchen
"Tuesday, October 21, 2025",lunch box take away,2,pack,"160,000","80,000",pa jojo,3,reguler kitchen
"Tuesday, October 21, 2025",maestro mayonaise 1 kg,2,pack,"33,640","67,280",Jasuma,3,reguler kitchen
"Tuesday, October 21, 2025",mentega curah,2,kg,"27,840","55,680",Jasuma,3,reguler kitchen
"Tuesday, October 21, 2025",minyak sovia 18 l,1,dus,"375,000","375,000",pa jojo,3,reguler kitchen
"Tuesday, October 21, 2025",pakcoy,2,kg,"50,000","25,000",pa jojo,3,reguler kitchen
"Tuesday, October 21, 2025",plastik cup 12 oz,2,pack,"56,000","28,000",pa jojo,3,operational
"Tuesday, October 21, 2025",selada keriting,0.5,kg,"5,000","10,000",pa jojo,3,reguler kitchen
"Tuesday, October 21, 2025",sereh,0.5,kg,"6,000","12,000",pa jojo,3,reguler kitchen
"Tuesday, October 21, 2025",smoked beef,3,pack,"110,000","330,000",Ko Aldi,3,reguler kitchen
"Tuesday, October 21, 2025",sosis 1 kg,4,pack,"75,000","300,000",Ko Aldi,3,reguler kitchen
"Tuesday, October 21, 2025",telur asin,15,pcs,"4,640","69,600",Jasuma,3,reguler kitchen
"Tuesday, October 21, 2025",tepung tapioka rosebrand 500 gr,5,pack,"5,075","25,375",Jasuma,3,reguler kitchen
"Tuesday, October 21, 2025",tepung terigu tulip 1 kg,10,pack,"11,020","110,200",Jasuma,3,reguler kitchen
"Tuesday, October 21, 2025",timun,1,kg,"12,000","12,000",pa jojo,3,reguler kitchen
"Tuesday, October 21, 2025",wortel,1.5,kg,"37,500","25,000",pa jojo,3,reguler kitchen
"Thursday, October 23, 2025",bawang daun,0.5,kg,"29,000","14,500",pa jojo,4,reguler kitchen
"Thursday, October 23, 2025",bawang merah kupas,0.5,kg,"95,000","47,500",pa jojo,4,reguler kitchen
"Thursday, October 23, 2025",bawang putih kupas,0.5,kg,"79,000","39,500",pa jojo,4,reguler kitchen
"Thursday, October 23, 2025",cengek merah,0.5,kg,"79,000","39,500",pa jojo,4,reguler kitchen
"Thursday, October 23, 2025",cireng,10,pack,"13,750","137,500",online ,4,reguler kitchen
"Thursday, October 23, 2025",kelapa parut,1,kg,"40,000","40,000",pa jojo,4,reguler kitchen
"Thursday, October 23, 2025",kerupuk ss,1,kg,"27,840","27,840",Jasuma,4,reguler kitchen
"Thursday, October 23, 2025",kol putih,1,kg,"13,000","13,000",pa jojo,4,reguler kitchen
"Thursday, October 23, 2025",lemon california,0.5,kg,"27,840","13,920",Jasuma,4,reguler kitchen
"Thursday, October 23, 2025",lemon lokal,0.5,kg,"30,000","15,000",pa jojo,4,reguler kitchen
"Thursday, October 23, 2025",pakcoy,1,kg,"12,500","12,500",pa jojo,4,reguler kitchen
"Thursday, October 23, 2025",paprika powder,0.8,kg,"110,200","88,160",Jasuma,4,reguler kitchen
"Thursday, October 23, 2025",pisang tanduk,4,kg,"17,000","68,000",pa jojo,4,reguler kitchen
"Thursday, October 23, 2025",selada keriting,0.5,kg,"20,000","10,000",pa jojo,4,reguler kitchen
"Thursday, October 23, 2025",telur asin,10,pcs,"4,640","46,400",Jasuma,4,reguler kitchen
"Thursday, October 23, 2025",telur ayam,3,kg,"35,000","105,000",pa jojo,4,reguler kitchen
"Thursday, October 23, 2025",tusuk sate,4,pack,"13,340","53,360",Jasuma,4,reguler kitchen
"Thursday, October 23, 2025",wortel,0.5,kg,"18,000","9,000",pa jojo,4,reguler kitchen
"Saturday, October 25, 2025",bawang bombay,0.5,kg,"40,000","20,000",pa jojo,4,reguler kitchen
"Saturday, October 25, 2025",bawang daun,0.5,kg,"29,000","14,500",pa jojo,4,reguler kitchen
"Saturday, October 25, 2025",bawang daun,0.5,kg,"29,000","14,500",pa jojo,4,reguler kitchen
"Saturday, October 25, 2025",bawang merah kupas,0.5,kg,"95,000","47,500",pa jojo,4,reguler kitchen
"Saturday, October 25, 2025",bawang putih kupas,0.5,kg,"79,000","39,500",pa jojo,4,reguler kitchen
"Saturday, October 25, 2025",beras jawa,10,kg,"15,000","150,000",pa jojo,4,reguler kitchen
"Saturday, October 25, 2025",cabe merah tanjung,0.5,kg,"70,000","35,000",pa jojo,4,reguler kitchen
"Saturday, October 25, 2025",cengek merah,0.5,kg,"79,000","39,500",pa jojo,4,reguler kitchen
"Saturday, October 25, 2025",chicken powder knorr 1 kg,1,pack,"120,000","120,000",pa jojo,4,reguler kitchen
"Saturday, October 25, 2025",kacang panjang,0.25,kg,"24,000","6,000",pa jojo,4,reguler kitchen
"Saturday, October 25, 2025",kol putih,1.5,kg,"13,000","19,500",pa jojo,4,reguler kitchen
"Saturday, October 25, 2025",pakcoy,1,kg,"12,500","12,500",pa jojo,4,reguler kitchen
"Saturday, October 25, 2025",pisang tanduk,3,kg,"17,000","51,000",pa jojo,4,reguler kitchen
"Saturday, October 25, 2025",plastik hd 12x25,5,pack,"7,500","37,500",pa jojo,4,reguler kitchen
"Saturday, October 25, 2025",selada keriting,0.25,kg,"32,000","8,000",pa jojo,4,reguler kitchen
"Saturday, October 25, 2025",singkong,4,kg,"11,000","44,000",pa jojo,4,reguler kitchen
"Saturday, October 25, 2025",telur ayam,3,kg,"35,000","105,000",pa jojo,4,reguler kitchen
"Saturday, October 25, 2025",wortel,0.5,kg,"18,000","9,000",pa jojo,4,reguler kitchen
"Tuesday, October 28, 2025",ajinomoto msg 500 gr,2,pack,"31,088","62,176",Jasuma,4,reguler kitchen
"Tuesday, October 28, 2025",bawang bombay,0.5,kg,"40,000","20,000",pa jojo,4,reguler kitchen
"Tuesday, October 28, 2025",bawang daun,1,kg,"29,500","29,500",pa jojo,4,reguler kitchen
"Tuesday, October 28, 2025",bawang daun,0.25,kg,"18,766","4,692",Jasuma,4,staff meals
"Tuesday, October 28, 2025",bawang merah kupas,1,kg,"95,500","95,500",pa jojo,4,reguler kitchen
"Tuesday, October 28, 2025",bawang merah kupas,0.5,kg,"59,366","29,683",Jasuma,4,staff meals
"Tuesday, October 28, 2025",bawang putih kupas,1,kg,"79,500","79,500",pa jojo,4,reguler kitchen
"Tuesday, October 28, 2025",bawang putih kupas,0.5,kg,"50,086","25,043",Jasuma,4,staff meals
"Tuesday, October 28, 2025",beras,25,kg,"15,000","375,000",pa jojo,4,reguler kitchen
"Tuesday, October 28, 2025",cabe merah tanjung,1,kg,"70,000","70,000",pa jojo,4,reguler kitchen
"Tuesday, October 28, 2025",cabe merah tanjung,0.5,kg,"61,686","30,843",Jasuma,4,staff meals
"Tuesday, October 28, 2025",cengek merah,1,kg,"78,000","78,000",pa jojo,4,reguler kitchen
"Tuesday, October 28, 2025",cengek merah,0.25,kg,"53,772","13,443",Jasuma,4,staff meals
"Tuesday, October 28, 2025",collata dark 250gr,1,pack,"30,276","30,276",Jasuma,4,reguler kitchen
"Tuesday, October 28, 2025",garam dolina,2,pack,"9,512","19,024",Jasuma,4,reguler kitchen
"Tuesday, October 28, 2025",jahe,0.25,kg,"36,000","9,000",pa jojo,4,reguler kitchen
"Tuesday, October 28, 2025",kacang kedelai,0.25,kg,"72,000","18,000",pa jojo,4,reguler kitchen
"Tuesday, October 28, 2025",kemiri,0.5,kg,"59,000","29,500",pa jojo,4,reguler kitchen
"Tuesday, October 28, 2025",kentang dieng,1,kg,"25,000","25,000",pa jojo,4,reguler kitchen
"Tuesday, October 28, 2025",kentang dieng,2,kg,"24,122","48,244",Jasuma,4,staff meals
"Tuesday, October 28, 2025",kol putih,2,kg,"13,000","26,000",pa jojo,4,reguler kitchen
"Tuesday, October 28, 2025",kol putih,1,kg,"9,963","9,963",Jasuma,4,staff meals
"Tuesday, October 28, 2025",lengkuas merah,0.25,kg,"36,000","9,000",pa jojo,4,reguler kitchen
"Tuesday, October 28, 2025",mentega curah,1,kg,"27,840","27,840",Jasuma,4,reguler kitchen
"Tuesday, October 28, 2025",mie atom,3,pack,"6,960","20,880",Jasuma,4,staff meals
"Tuesday, October 28, 2025",minyak sovia 18 l,1,dus,"379,320","379,320",Jasuma,4,reguler kitchen
"Tuesday, October 28, 2025",pakcoy,1,kg,"12,500","12,500",pa jojo,4,reguler kitchen
"Tuesday, October 28, 2025",pakcoy,1,kg,"14,603","14,603",Jasuma,4,staff meals
"Tuesday, October 28, 2025",pisang tanduk,2,kg,"17,000","34,000",pa jojo,4,reguler kitchen
"Tuesday, October 28, 2025",santan kara 200 ml,2,pcs,"16,820","33,640",Jasuma,4,reguler kitchen
"Tuesday, October 28, 2025",saus tartar 1 kg,2,pack,"73,000","146,000",masuya,4,reguler kitchen
"Tuesday, October 28, 2025",sayap ayam,4,kg,"35,000","140,000",Jasuma,4,staff meals
"Tuesday, October 28, 2025",selada keriting,0.25,kg,"32,000","8,000",pa jojo,4,reguler kitchen
"Tuesday, October 28, 2025",sereh,0.5,kg,"24,000","12,000",pa jojo,4,reguler kitchen
"Tuesday, October 28, 2025",tahu kuning,100,pcs,696,"69,600",Jasuma,4,reguler kitchen
"Tuesday, October 28, 2025",tempe,2,pack,"12,760","25,520",Jasuma,4,staff meals
"Tuesday, October 28, 2025",tepung tapioka rosebrand 500 gr,5,pack,"5,077","25,385",Jasuma,4,reguler kitchen
"Tuesday, October 28, 2025",tepung terigu tulip 1 kg,6,pack,"11,020","66,120",Jasuma,4,reguler kitchen
"Tuesday, October 28, 2025",timun,0.5,kg,"12,000","6,000",pa jojo,4,reguler kitchen
"Tuesday, October 28, 2025",tomat,0.5,kg,"24,000","12,000",pa jojo,4,reguler kitchen
"Tuesday, October 28, 2025",wortel,0.5,kg,"18,000","9,000",pa jojo,4,reguler kitchen
"Tuesday, October 28, 2025",wortel,0.5,kg,"21,086","10,543",Jasuma,4,staff meals
"Wednesday, October 29, 2025",anchor butter,2,pack,"85,840","171,680",Jasuma,4,reguler kitchen
"Wednesday, October 29, 2025",baking soda koepoe 81 gr,2,can,"7,076","14,152",Jasuma,4,reguler kitchen
"Wednesday, October 29, 2025",chicken powder knorr 1 kg,2,pack,"104,400","208,800",Jasuma,4,reguler kitchen
"Wednesday, October 29, 2025",daun mint,0.25,kg,"40,452","10,113",Jasuma,4,reguler kitchen
"Wednesday, October 29, 2025",kentang dieng,3,kg,"23,671","71,013",Jasuma,4,reguler kitchen
"Wednesday, October 29, 2025",lemon lokal,0.5,kg,"26,026","13,013",Jasuma,4,reguler kitchen
"Wednesday, October 29, 2025",parsley,0.25,kg,"57,852","14,463",Jasuma,4,reguler kitchen
"Wednesday, October 29, 2025",semangka,8.89,kg,"14,078","125,153",Jasuma,4,reguler kitchen
"Thursday, October 30, 2025",bawang daun,0.5,kg,"29,000","14,500",pa jojo,4,reguler kitchen
"Thursday, October 30, 2025",cengek merah,0.5,kg,"78,000","39,000",pa jojo,4,reguler kitchen
"Thursday, October 30, 2025",filet paha ayam,5,kg,"51,200","256,000",pa jojo,4,reguler kitchen
"Thursday, October 30, 2025",french fries 2 kg,10,pack,"70,000","700,000",Ko Aldi,4,reguler kitchen
"Thursday, October 30, 2025",kentang dieng,0.5,kg,"25,000","12,500",pa jojo,4,reguler kitchen
"Thursday, October 30, 2025",kerupuk ss,1,kg,"28,000","28,000",pa jojo,4,reguler kitchen
"Thursday, October 30, 2025",kol putih,1,kg,"13,000","13,000",pa jojo,4,reguler kitchen
"Thursday, October 30, 2025",kresek plastik diamond uk 24,3,pack,"24,500","73,500",pa jojo,4,operational
"Thursday, October 30, 2025",lemon lokal,0.5,kg,"30,000","15,000",pa jojo,4,reguler kitchen
"Thursday, October 30, 2025",mie toko you,1,pack,"20,000","20,000",direct pasar,4,reguler kitchen
"Thursday, October 30, 2025",pakcoy,1,kg,"12,500","12,500",pa jojo,4,reguler kitchen
"Thursday, October 30, 2025",parsley,0.25,kg,"60,000","15,000",pa jojo,4,reguler kitchen
"Thursday, October 30, 2025",pet cup 12 oz,3,pack,"14,000","42,000",pa jojo,4,operational
"Thursday, October 30, 2025",pisang tanduk,2,kg,"17,000","34,000",pa jojo,4,reguler kitchen
"Thursday, October 30, 2025",selada keriting,0.5,kg,"20,000","10,000",pa jojo,4,reguler kitchen
"Thursday, October 30, 2025",tahu kuning,50,pcs,500,"25,000",pa jojo,4,reguler kitchen
"Thursday, October 30, 2025",telur ayam,2,kg,"35,000","70,000",pa jojo,4,reguler kitchen
"Thursday, October 30, 2025",timun,0.25,kg,"12,000","3,000",pa jojo,4,reguler kitchen
"Thursday, October 30, 2025",trashbag uk 80x120,5,pack,"30,000","150,000",pa jojo,4,operational
"Thursday, October 30, 2025",wortel,0.5,kg,"18,000","9,000",pa jojo,4,reguler kitchen
"Saturday, November 1, 2025",bawang daun,0.5,kg,"29,000","14,500",pa jojo,1,reguler kitchen
"Saturday, November 1, 2025",bawang merah kupas,0.5,kg,"70,000","35,000",pa jojo,1,reguler kitchen
"Saturday, November 1, 2025",bawang putih kupas,0.5,kg,"70,000","35,000",pa jojo,1,reguler kitchen
"Saturday, November 1, 2025",cabe merah tanjung,0.5,kg,"70,000","35,000",pa jojo,1,reguler kitchen
"Saturday, November 1, 2025",cengek merah,0.5,kg,"70,000","35,000",pa jojo,1,reguler kitchen
"Saturday, November 1, 2025",delmonte saus sambal 5.7 kg,1,jar,"124,004","124,004",Jasuma,1,reguler kitchen
"Saturday, November 1, 2025",delmonte saus tomat 5.7 kg,1,jar,"120,000","120,000",pa jojo,1,reguler kitchen
"Saturday, November 1, 2025",filet paha ayam,10,kg,"47,000","470,000",syariah Chicken,1,reguler kitchen
"Saturday, November 1, 2025",jeruk limau,0.25,kg,"56,000","14,000",pa jojo,1,reguler kitchen
"Saturday, November 1, 2025",kecap borrobuddur 400 ml,4,pack,"20,300","81,200",Jasuma,1,reguler kitchen
"Saturday, November 1, 2025",kentang dieng,0.5,kg,"25,000","12,500",pa jojo,1,reguler kitchen
"Saturday, November 1, 2025",kerupuk ss,0.5,kg,"28,000","14,000",pa jojo,1,reguler kitchen
"Saturday, November 1, 2025",kol putih,2,kg,"13,000","26,000",pa jojo,1,reguler kitchen
"Saturday, November 1, 2025",lobak putih,1,kg,"13,000","13,000",pa jojo,1,reguler kitchen
"Saturday, November 1, 2025",mentega curah,2,kg,"27,840","55,680",Jasuma,1,reguler kitchen
"Saturday, November 1, 2025",minyak sovia 18 l,18,liter,"20,833","375,000",pa jojo,1,reguler kitchen
"Saturday, November 1, 2025",pakcoy,1,kg,"12,500","12,500",pa jojo,1,reguler kitchen
"Saturday, November 1, 2025",paper wrap 20x20,6,pack,"26,000","156,000",pa jojo,1,operational
"Saturday, November 1, 2025",pisang tanduk,1,kg,"17,000","17,000",pa jojo,1,reguler kitchen
"Saturday, November 1, 2025",selada keriting,0.25,kg,"32,000","8,000",pa jojo,1,reguler kitchen
"Saturday, November 1, 2025",seledri,0.25,kg,"40,000","10,000",pa jojo,1,reguler kitchen
"Saturday, November 1, 2025",sengkel,1,kg,"140,000","140,000",syariah Chicken,1,reguler kitchen
"Saturday, November 1, 2025",tepung terigu tulip 1 kg,10,pack,"11,020","110,200",Jasuma,1,reguler kitchen
"Saturday, November 1, 2025",tetelan iga,1,kg,"100,000","100,000",syariah Chicken,1,reguler kitchen
"Saturday, November 1, 2025",timun,0.5,kg,"12,000","6,000",pa jojo,1,reguler kitchen
"Saturday, November 1, 2025",wortel,0.5,kg,"18,000","9,000",pa jojo,1,reguler kitchen
"Sunday, November 2, 2025",beras,50,kg,"14,000","700,000",bobotoh,1,reguler kitchen
"Tuesday, November 4, 2025",ajinomoto msg 1 kg,2,pack,"58,464","116,928",Jasuma,1,reguler kitchen
"Tuesday, November 4, 2025",ajinomoto msg 1 kg,1,pack,"58,464","58,464",Jasuma,1,staff meals
"Tuesday, November 4, 2025",asam jawa,0.5,kg,"34,000","17,000",pa jojo,1,reguler kitchen
"Tuesday, November 4, 2025",bakso taruna,2,pack,"17,400","34,800",Jasuma,1,staff meals
"Tuesday, November 4, 2025",bawang daun,0.25,kg,"32,000","8,000",pa jojo,1,reguler kitchen
"Tuesday, November 4, 2025",bawang merah kupas,1,kg,"70,000","70,000",pa jojo,1,reguler kitchen
"Tuesday, November 4, 2025",bawang putih kupas,0.5,kg,"70,000","35,000",pa jojo,1,reguler kitchen
"Tuesday, November 4, 2025",cabe merah kering,1,kg,"110,000","110,000",pa jojo,1,reguler kitchen
"Tuesday, November 4, 2025",cabe merah tanjung,0.5,kg,"70,000","35,000",pa jojo,1,reguler kitchen
"Tuesday, November 4, 2025",cengek merah,0.5,kg,"70,000","35,000",pa jojo,1,reguler kitchen
"Tuesday, November 4, 2025",chicken powder knorr 1 kg,1,pack,"104,400","104,400",Jasuma,1,staff meals
"Tuesday, November 4, 2025",garam dolina,1,pack,"9,512","9,512",Jasuma,1,staff meals
"Tuesday, November 4, 2025",garlic powder,0.25,kg,"92,800","23,200",Jasuma,1,reguler kitchen
"Tuesday, November 4, 2025",jamur tiram,1,pack,"27,680","27,680",Jasuma,1,staff meals
"Tuesday, November 4, 2025",kecap borrobuddur 400 ml,4,pack,"17,255","69,020",Jasuma,1,reguler kitchen
"Tuesday, November 4, 2025",kembang tahu,1,kg,"17,400","17,400",Jasuma,1,staff meals
"Tuesday, November 4, 2025",kentang dieng,2,kg,"24,200","48,400",Jasuma,1,staff meals
"Tuesday, November 4, 2025",kerupuk ss,1,kg,"28,000","28,000",pa jojo,1,reguler kitchen
"Tuesday, November 4, 2025",kol putih,1,kg,"8,129","8,129",Jasuma,1,staff meals
"Tuesday, November 4, 2025",kol putih,3,kg,"13,000","39,000",pa jojo,1,reguler kitchen
"Tuesday, November 4, 2025",mie atom,3,pack,"6,960","20,880",Jasuma,1,staff meals
"Tuesday, November 4, 2025",minyak sovia 18 l,18,liter,"21,073","379,320",Jasuma,1,reguler kitchen
"Tuesday, November 4, 2025",pakcoy,1,kg,"13,760","13,760",Jasuma,1,staff meals
"Tuesday, November 4, 2025",pakcoy,1,kg,"12,500","12,500",pa jojo,1,reguler kitchen
"Tuesday, November 4, 2025",paprika powder,1,kg,"116,000","116,000",Jasuma,1,reguler kitchen
"Tuesday, November 4, 2025",pisang tanduk,4,kg,"17,000","68,000",pa jojo,1,reguler kitchen
"Tuesday, November 4, 2025",plastik 10x25,6,pack,"7,833","47,000",pa jojo,1,reguler kitchen
"Tuesday, November 4, 2025",plastik 12x25 diamond,6,pack,"12,000","72,000",pa jojo,1,reguler kitchen
"Tuesday, November 4, 2025",santan kara 200 ml,4,pack,"19,372","77,488",Jasuma,1,reguler kitchen
"Tuesday, November 4, 2025",sayap ayam,6,kg,"34,000","204,000",Jasuma,1,staff meals
"Tuesday, November 4, 2025",selada keriting,0.25,kg,"32,000","8,000",pa jojo,1,reguler kitchen
"Tuesday, November 4, 2025",sereh,0.5,kg,"24,000","12,000",pa jojo,1,reguler kitchen
"Tuesday, November 4, 2025",spons cuci piring,1,pack,"25,000","25,000",pa jojo,1,operational
"Tuesday, November 4, 2025",tahu kuning,30,pcs,696,"20,880",Jasuma,1,staff meals
"Tuesday, November 4, 2025",tahu kuning,100,kg,500,"50,000",pa jojo,1,reguler kitchen
"Tuesday, November 4, 2025",telur asin,10,pcs,"5,000","50,000",pa jojo,1,reguler kitchen
"Tuesday, November 4, 2025",telur ayam,1,kg,"33,060","33,060",Jasuma,1,staff meals
"Tuesday, November 4, 2025",telur ayam,3,kg,"35,000","105,000",pa jojo,1,reguler kitchen
"Tuesday, November 4, 2025",tempe,2,pack,"12,760","25,520",Jasuma,1,staff meals
"Tuesday, November 4, 2025",tepung roti kuning,1,kg,"22,040","22,040",Jasuma,1,reguler kitchen
"Tuesday, November 4, 2025",tepung roti putih,1,kg,"20,996","20,996",Jasuma,1,reguler kitchen
"Tuesday, November 4, 2025",tepung tapioka rosebrand 500 gr,10,pack,"5,077","50,770",Jasuma,1,reguler kitchen
"Tuesday, November 4, 2025",tepung terigu tulip 1 kg,10,pack,"11,020","110,200",Jasuma,1,reguler kitchen
"Tuesday, November 4, 2025",timun,0.5,kg,"12,000","6,000",pa jojo,1,reguler kitchen
"Tuesday, November 4, 2025",tomat,0.25,kg,"48,000","12,000",pa jojo,1,reguler kitchen
"Tuesday, November 4, 2025",trash bag 80x120,10,pack,"30,000","300,000",pa jojo,1,operational
"Tuesday, November 4, 2025",wortel,0.5,kg,"18,400","9,200",Jasuma,1,staff meals
"Tuesday, November 4, 2025",wortel,1,kg,"9,000","9,000",pa jojo,1,reguler kitchen
"Wednesday, November 5, 2025",cireng,10,pack,"13,450","134,500",online ,1,reguler kitchen
"Wednesday, November 5, 2025",filet paha ayam,5,kg,"46,000","230,000",syariah Chicken,1,reguler kitchen
"Thursday, November 6, 2025",bawang daun,0.5,kg,"32,000","16,000",pa jojo,1,reguler kitchen
"Thursday, November 6, 2025",bawang merah kupas,1,kg,"70,000","70,000",pa jojo,1,reguler kitchen
"Thursday, November 6, 2025",bawang putih kupas,1,kg,"70,000","70,000",pa jojo,1,reguler kitchen
"Thursday, November 6, 2025",bunga lawang,0.5,kg,"174,000","87,000",Jasuma,1,bar
"Thursday, November 6, 2025",cabe merah tanjung,1,kg,"87,000","87,000",pa jojo,1,reguler kitchen
"Thursday, November 6, 2025",cengek merah,0.5,kg,"78,000","39,000",pa jojo,1,reguler kitchen
"Thursday, November 6, 2025",gula pasir curah,5,kg,"23,000","115,000",Jasuma,1,reguler kitchen
"Thursday, November 6, 2025",kapulaga,0.25,kg,"180,000","45,000",Jasuma,1,bar
"Thursday, November 6, 2025",kayu manis,0.5,kg,"174,000","87,000",Jasuma,1,reguler kitchen
"Thursday, November 6, 2025",kol putih,2,kg,"13,000","26,000",pa jojo,1,reguler kitchen
"Thursday, November 6, 2025",lemon import,1,kg,"54,000","54,000",Jasuma,1,bar
"Thursday, November 6, 2025",pakcoy,0.5,kg,"17,000","8,500",pa jojo,1,reguler kitchen
"Thursday, November 6, 2025",Sabun cuci pakaian - 5 L,2,jar,"54,000","108,000",surya cemerlang,1,operational
"Thursday, November 6, 2025",sabun cuci piring 5 L,5,jar,"49,000","245,000",surya cemerlang,1,operational
"Thursday, November 6, 2025",sabun cuci tangan 5 L,2,jar,"42,000","84,000",surya cemerlang,1,operational
"Thursday, November 6, 2025",selada keriting,0.25,kg,"36,000","9,000",pa jojo,1,reguler kitchen
"Thursday, November 6, 2025",tahu kuning,50,kg,500,"25,000",pa jojo,1,reguler kitchen
"Thursday, November 6, 2025",telur ayam,2,kg,"35,000","70,000",Jasuma,1,reguler kitchen
"Thursday, November 6, 2025",wortel,0.5,kg,"9,000","4,500",pa jojo,1,reguler kitchen
"Saturday, November 8, 2025",bawang daun,0.5,kg,"16,080","8,040",Jasuma,2,reguler kitchen
"Saturday, November 8, 2025",bawang putih kupas,0.5,kg,"47,400","23,700",Jasuma,2,reguler kitchen
"Saturday, November 8, 2025",cengek merah,0.5,kg,"47,400","23,700",Jasuma,2,reguler kitchen
"Saturday, November 8, 2025",kacang panjang,0.25,kg,"19,560","4,890",Jasuma,2,reguler kitchen
"Saturday, November 8, 2025",kentang dieng,0.5,kg,"24,200","12,100",Jasuma,2,reguler kitchen
"Saturday, November 8, 2025",kerupuk ss,1,kg,"29,000","29,000",Jasuma,2,reguler kitchen
"Saturday, November 8, 2025",pakcoy,0.5,kg,"14,920","7,460",Jasuma,2,reguler kitchen
"Saturday, November 8, 2025",parsley,0.1,kg,"53,200","5,320",Jasuma,2,reguler kitchen
"Saturday, November 8, 2025",pisang tanduk,2,kg,"15,080","30,160",Jasuma,2,reguler kitchen
"Saturday, November 8, 2025",selada keriting,0.5,kg,"28,840","14,420",Jasuma,2,reguler kitchen
"Saturday, November 8, 2025",tahu kuning,50,pcs,500,"25,000",direct pasar,2,reguler kitchen
"Saturday, November 8, 2025",telur asin,5,kg,"4,640","23,200",Jasuma,2,reguler kitchen
"Saturday, November 8, 2025",telur ayam,1,kg,"32,480","32,480",Jasuma,2,reguler kitchen
"Tuesday, November 11, 2025",bawang daun,0.25,kg,"16,080","4,020",Jasuma,2,reguler kitchen
"Tuesday, November 11, 2025",bawang merah kupas,1,kg,"56,660","56,660",Jasuma,2,reguler kitchen
"Tuesday, November 11, 2025",bawang putih kupas,0.5,kg,"47,400","23,700",Jasuma,2,reguler kitchen
"Tuesday, November 11, 2025",cabe merah tanjung,1,kg,"82,200","82,200",Jasuma,2,reguler kitchen
"Tuesday, November 11, 2025",cengek merah,0.5,kg,"47,400","23,700",Jasuma,2,reguler kitchen
"Tuesday, November 11, 2025",cikur,0.25,kg,"54,360","13,590",Jasuma,2,reguler kitchen
"Tuesday, November 11, 2025",jahe,0.25,kg,"38,120","9,530",Jasuma,2,reguler kitchen
"Tuesday, November 11, 2025",jamur tiram,1,kg,"27,680","27,680",Jasuma,2,staff meals
"Tuesday, November 11, 2025",kentang dieng,1,kg,"24,200","24,200",Jasuma,2,reguler kitchen
"Tuesday, November 11, 2025",kentang dieng,2,kg,"24,200","48,400",Jasuma,2,staff meals
"Tuesday, November 11, 2025",kol putih,3,kg,"8,120","24,360",Jasuma,2,reguler kitchen
"Tuesday, November 11, 2025",kol putih,1,kg,"8,120","8,120",Jasuma,2,staff meals
"Tuesday, November 11, 2025",pakcoy,1,kg,"14,920","14,920",Jasuma,2,reguler kitchen
"Tuesday, November 11, 2025",pakcoy,0.5,kg,"14,920","7,460",Jasuma,2,staff meals
"Tuesday, November 11, 2025",parsley,0.15,kg,"53,200","7,980",Jasuma,2,reguler kitchen
"Tuesday, November 11, 2025",pisang tanduk,2,kg,"15,080","30,160",Jasuma,2,reguler kitchen
"Tuesday, November 11, 2025",sayap ayam,4,kg,"34,000","136,000",Jasuma,2,staff meals
"Tuesday, November 11, 2025",selada keriting,0.25,kg,"31,160","7,790",Jasuma,2,reguler kitchen
"Tuesday, November 11, 2025",tahu kuning,30,pcs,686,"20,580",Jasuma,2,staff meals
"Tuesday, November 11, 2025",telur ayam,2,kg,"32,248","64,496",Jasuma,2,reguler kitchen
"Tuesday, November 11, 2025",tempe,3,pack,"12,760","38,280",Jasuma,2,staff meals
"Tuesday, November 11, 2025",timun,0.5,kg,"12,600","6,300",Jasuma,2,reguler kitchen
"Tuesday, November 11, 2025",tomat,0.25,kg,"16,080","4,020",Jasuma,2,reguler kitchen
"Tuesday, November 11, 2025",wortel,0.5,kg,"18,400","9,200",Jasuma,2,reguler kitchen
"Tuesday, November 11, 2025",wortel,0.5,kg,"18,400","9,200",Jasuma,2,staff meals
"Wednesday, November 12, 2025",cireng,10,pack,"13,450","134,500",online ,2,reguler kitchen
"Wednesday, November 12, 2025",tahu kuning,50,pcs,600,"30,000",direct pasar,2,reguler kitchen
"Thursday, November 13, 2025",bawang daun,0.5,kg,"16,080","8,040",Jasuma,2,reguler kitchen
"Thursday, November 13, 2025",bawang putih kupas,0.5,kg,"47,400","23,700",Jasuma,2,reguler kitchen
"Thursday, November 13, 2025",collata dark 250gr,2,pack,"30,278","60,556",Jasuma,2,reguler kitchen
"Thursday, November 13, 2025",fermipan isi 4 11 gr,2,pack,"33,408","66,816",Jasuma,2,reguler kitchen
"Thursday, November 13, 2025",kecap borrobuddur 400 ml,3,pack,"17,240","51,720",Jasuma,2,reguler kitchen
"Thursday, November 13, 2025",kerupuk ss,1,kg,"29,000","29,000",Jasuma,2,reguler kitchen
"Thursday, November 13, 2025",lafonte spaghetti 1 kg,1,pack,"30,800","30,800",Jasuma,2,reguler kitchen
"Thursday, November 13, 2025",minyak kita 1 l,12,liter,"16,834","202,008",Jasuma,2,reguler kitchen
"Thursday, November 13, 2025",pakcoy,0.5,kg,"14,920","7,460",Jasuma,2,reguler kitchen
"Thursday, November 13, 2025",selada keriting,0.25,kg,"31,160","7,790",Jasuma,2,reguler kitchen
"Thursday, November 13, 2025",seledri,0.15,kg,"33,480","5,022",Jasuma,2,reguler kitchen
"Thursday, November 13, 2025",singkong,3,kg,"6,960","20,880",Jasuma,2,reguler kitchen
"Thursday, November 13, 2025",telur asin,5,pcs,"4,640","23,200",Jasuma,2,reguler kitchen
"Thursday, November 13, 2025",telur ayam,1,kg,"30,580","30,580",Jasuma,2,reguler kitchen
"Thursday, November 13, 2025",tepung terigu tulip 1 kg,10,pack,"11,020","110,200",Jasuma,2,reguler kitchen
"Thursday, November 13, 2025",timun,0.25,kg,"12,600","3,150",Jasuma,2,reguler kitchen
"Thursday, November 13, 2025",tomat,0.25,kg,"16,080","4,020",Jasuma,2,reguler kitchen
"Friday, November 14, 2025",gas 12 kg,3,tbg,"195,000","585,000",My Gas,2,reguler kitchen
"Saturday, November 15, 2025",bawang daun,0.5,kg,"16,080","8,040",Jasuma,3,reguler kitchen
"Saturday, November 15, 2025",bawang putih kupas,0.5,kg,"47,400","23,700",Jasuma,3,reguler kitchen
"Saturday, November 15, 2025",cabe merah tanjung,0.5,kg,"82,200","41,100",Jasuma,3,reguler kitchen
"Saturday, November 15, 2025",cengek merah,1,kg,"47,400","47,400",Jasuma,3,reguler kitchen
"Saturday, November 15, 2025",kol putih,6.5,kg,"8,120","52,780",Jasuma,3,reguler kitchen
"Saturday, November 15, 2025",pakcoy,1,kg,"14,920","14,920",Jasuma,3,reguler kitchen
"Saturday, November 15, 2025",pisang tanduk,3,kg,"15,080","45,240",Jasuma,3,reguler kitchen
"Saturday, November 15, 2025",selada keriting,0.25,kg,"31,160","7,790",Jasuma,3,reguler kitchen
"Saturday, November 15, 2025",tahu kuning,100,pcs,600,"60,000",direct pasar,3,reguler kitchen
"Saturday, November 15, 2025",telur asin,10,pcs,"4,040","40,400",Jasuma,3,reguler kitchen
"Saturday, November 15, 2025",telur ayam,1.5,kg,"29,524","44,286",Jasuma,3,reguler kitchen
"Saturday, November 15, 2025",tomat,0.25,kg,"16,080","4,020",Jasuma,3,reguler kitchen
"Saturday, November 15, 2025",wortel,0.5,kg,"18,400","9,200",Jasuma,3,reguler kitchen
"Tuesday, November 18, 2025",bawang bombay,1,kg,"42,760","42,760",Jasuma,3,reguler kitchen
"Tuesday, November 18, 2025",bawang daun,0.25,kg,"16,080","4,020",Jasuma,3,reguler kitchen
"Tuesday, November 18, 2025",bawang merah kupas,1,kg,"56,680","56,680",Jasuma,3,reguler kitchen
"Tuesday, November 18, 2025",bawang putih kupas,1,kg,"47,400","47,400",Jasuma,3,reguler kitchen
"Tuesday, November 18, 2025",cabe merah tanjung,0.5,kg,"82,200","41,100",Jasuma,3,reguler kitchen
"Tuesday, November 18, 2025",cengek merah,0.5,kg,"56,680","28,340",Jasuma,3,reguler kitchen
"Tuesday, November 18, 2025",filet paha ayam,10,kg,"47,000","470,000",syariah Chicken,3,reguler kitchen
"Tuesday, November 18, 2025",jeruk limau,0.25,kg,"47,400","11,850",Jasuma,3,reguler kitchen
"Tuesday, November 18, 2025",kentang dieng,1,kg,"24,200","24,200",Jasuma,3,reguler kitchen
"Tuesday, November 18, 2025",kerupuk ss,1,kg,"27,840","27,840",Jasuma,3,reguler kitchen
"Tuesday, November 18, 2025",lemon lokal,0.25,kg,"24,200","6,050",Jasuma,3,reguler kitchen
"Tuesday, November 18, 2025",pakcoy,1,kg,"14,920","14,920",Jasuma,3,reguler kitchen
"Tuesday, November 18, 2025",parsley,0.25,kg,"53,200","13,300",Jasuma,3,reguler kitchen
"Tuesday, November 18, 2025",pisang tanduk,2,kg,"16,080","32,160",Jasuma,3,reguler kitchen
"Tuesday, November 18, 2025",selada keriting,0.25,kg,"31,160","7,790",Jasuma,3,reguler kitchen
"Tuesday, November 18, 2025",sengkel,1,kg,"140,000","140,000",syariah Chicken,3,reguler kitchen
"Tuesday, November 18, 2025",sereh,0.5,kg,"14,920","7,460",Jasuma,3,reguler kitchen
"Tuesday, November 18, 2025",telur ayam,2,kg,"30,033","60,066",Jasuma,3,reguler kitchen
"Tuesday, November 18, 2025",tetelan iga,1,kg,"105,000","105,000",syariah Chicken,3,reguler kitchen
"Tuesday, November 18, 2025",timun,0.5,kg,"12,600","6,300",Jasuma,3,reguler kitchen
"Tuesday, November 18, 2025",tomat,0.5,kg,"16,080","8,040",Jasuma,3,reguler kitchen
"Tuesday, November 18, 2025",wortel,0.5,kg,"20,720","10,360",Jasuma,3,reguler kitchen
"Wednesday, November 19, 2025",bakso taruna,2,pack,"17,400","34,800",Jasuma,3,staff meals
"Wednesday, November 19, 2025",bawang daun,0.25,kg,"16,080","4,020",Jasuma,3,staff meals
"Wednesday, November 19, 2025",bawang daun,0.5,kg,"16,080","8,040",Jasuma,3,reguler kitchen
"Wednesday, November 19, 2025",bawang merah kupas,0.5,kg,"56,680","28,340",Jasuma,3,staff meals
"Wednesday, November 19, 2025",bawang putih kupas,0.5,kg,"47,400","23,700",Jasuma,3,staff meals
"Wednesday, November 19, 2025",beras,10,kg,"15,400","154,000",Jasuma,3,reguler kitchen
"Wednesday, November 19, 2025",cabe merah tanjung,0.25,kg,"82,200","20,550",Jasuma,3,staff meals
"Wednesday, November 19, 2025",cabe merah tanjung,0.5,kg,"82,200","41,100",Jasuma,3,reguler kitchen
"Wednesday, November 19, 2025",cengek merah,0.25,kg,"56,690","14,173",Jasuma,3,staff meals
"Wednesday, November 19, 2025",chicken powder knorr 1 kg,1,pack,"104,400","104,400",Jasuma,3,reguler kitchen
"Wednesday, November 19, 2025",garam dolina,2,pack,"9,512","19,024",Jasuma,3,reguler kitchen
"Wednesday, November 19, 2025",jamur tiram,1,kg,"27,680","27,680",Jasuma,3,staff meals
"Wednesday, November 19, 2025",kacang panjang,0.5,kg,"19,560","9,780",Jasuma,3,reguler kitchen
"Wednesday, November 19, 2025",kelapa parut,1,kg,"33,480","33,480",Jasuma,3,reguler kitchen
"Wednesday, November 19, 2025",kentang dieng,2,kg,"24,200","48,400",Jasuma,3,staff meals
"Wednesday, November 19, 2025",lafonte spaghetti 1 kg,1,pack,"40,136","40,136",Jasuma,3,reguler kitchen
"Wednesday, November 19, 2025",livi multipurpose,2,dus,"169,830","339,660",PT Swiss,3,operational
"Wednesday, November 19, 2025",livi mutifold,6,dus,"173,462","1,040,774",PT Swiss,3,operational
"Wednesday, November 19, 2025",livi napkin,1,dus,"189,810","189,810",PT Swiss,3,operational
"Wednesday, November 19, 2025",maestro mayonaise 1 kg,1,pack,"34,800","34,800",Jasuma,3,reguler kitchen
"Wednesday, November 19, 2025",mentega curah,2,kg,"27,840","55,680",Jasuma,3,reguler kitchen
"Wednesday, November 19, 2025",mie atom,2,pack,"7,540","15,080",Jasuma,3,staff meals
"Wednesday, November 19, 2025",minyak sovia 18 l,18,dus,"19,620","353,160",Jasuma,3,reguler kitchen
"Wednesday, November 19, 2025",pakcoy,0.5,kg,"14,920","7,460",Jasuma,3,staff meals
"Wednesday, November 19, 2025",pisang tanduk,4,kg,"16,080","64,320",Jasuma,3,reguler kitchen
"Wednesday, November 19, 2025",sayap ayam,4,kg,"37,000","148,000",Jasuma,3,staff meals
"Wednesday, November 19, 2025",singkong,6,kg,"6,960","41,760",Jasuma,3,reguler kitchen
"Wednesday, November 19, 2025",tahu kuning,30,pcs,696,"20,880",Jasuma,3,staff meals
"Wednesday, November 19, 2025",telur asin,5,pcs,"4,640","23,200",Jasuma,3,reguler kitchen
"Wednesday, November 19, 2025",tempe,3,pack,"12,760","38,280",Jasuma,3,staff meals
"Wednesday, November 19, 2025",tepung tapioka rosebrand 500 gr,5,pack,"5,075","25,375",Jasuma,3,reguler kitchen
"Wednesday, November 19, 2025",tepung terigu tulip 1 kg,5,pack,"11,020","55,100",Jasuma,3,reguler kitchen
"Wednesday, November 19, 2025",timun,0.5,kg,"12,600","6,300",Jasuma,3,reguler kitchen
"Wednesday, November 19, 2025",wortel,0.5,kg,"20,720","10,360",Jasuma,3,staff meals
"Thursday, November 20, 2025",tahu kuning,100,pcs,600,"60,000",direct pasar,3,reguler kitchen
"Saturday, November 22, 2025",bawang bombay,0.5,kg,"42,760","21,380",Jasuma,4,reguler kitchen
"Saturday, November 22, 2025",bawang daun,0.5,kg,"16,080","8,040",Jasuma,4,reguler kitchen
"Saturday, November 22, 2025",bawang putih kupas,0.5,kg,"47,400","23,700",Jasuma,4,reguler kitchen
"Saturday, November 22, 2025",beras,10,kg,"15,400","154,000",Jasuma,4,reguler kitchen
"Saturday, November 22, 2025",cabe merah tanjung,0.5,kg,"82,200","41,100",Jasuma,4,reguler kitchen
"Saturday, November 22, 2025",kerupuk ss,1,kg,"27,840","27,840",Jasuma,4,reguler kitchen
"Saturday, November 22, 2025",kol putih,2,kg,"8,120","16,240",Jasuma,4,reguler kitchen
"Saturday, November 22, 2025",pakcoy,2,kg,"14,920","29,840",Jasuma,4,reguler kitchen
"Saturday, November 22, 2025",pisang tanduk,2,kg,"16,080","32,160",Jasuma,4,reguler kitchen
"Saturday, November 22, 2025",selada keriting,0.5,kg,"31,160","15,580",Jasuma,4,reguler kitchen
"Saturday, November 22, 2025",telur asin,5,pcs,"4,640","23,200",Jasuma,4,reguler kitchen
"Saturday, November 22, 2025",telur ayam,3,kg,"28,993","86,979",Jasuma,4,reguler kitchen
"Saturday, November 22, 2025",timun,0.5,kg,"12,600","6,300",Jasuma,4,reguler kitchen
"Saturday, November 22, 2025",wortel,0.5,kg,"20,720","10,360",Jasuma,4,reguler kitchen
"Tuesday, November 25, 2025",baking powder hercules,2,can,"17,864","35,728",Jasuma,4,reguler kitchen
"Tuesday, November 25, 2025",bakso taruna,1,pack,"17,400","17,400",Jasuma,4,staff meals
"Tuesday, November 25, 2025",bawang daun,0.25,kg,"16,080","4,020",Jasuma,4,reguler kitchen
"Tuesday, November 25, 2025",bawang merah kupas,0.5,kg,"56,680","28,340",Jasuma,4,reguler kitchen
"Tuesday, November 25, 2025",bawang merah kupas,0.25,kg,"56,680","14,170",Jasuma,4,staff meals
"Tuesday, November 25, 2025",bawang putih kupas,0.5,kg,"47,400","23,700",Jasuma,4,reguler kitchen
"Tuesday, November 25, 2025",bawang putih kupas,0.25,kg,"47,400","11,850",Jasuma,4,staff meals
"Tuesday, November 25, 2025",beras,10,kg,"15,400","154,000",Jasuma,4,reguler kitchen
"Tuesday, November 25, 2025",cabe merah tanjung,0.25,kg,"70,600","17,650",Jasuma,4,staff meals
"Tuesday, November 25, 2025",cengek merah,0.5,kg,"59,000","29,500",Jasuma,4,reguler kitchen
"Tuesday, November 25, 2025",chicken powder knorr 1 kg,1,pack,"104,400","104,400",Jasuma,4,reguler kitchen
"Tuesday, November 25, 2025",jamur tiram,1,kg,"27,680","27,680",Jasuma,4,staff meals
"Tuesday, November 25, 2025",kecap borrobuddur 400 ml,2,pack,"17,226","34,452",Jasuma,4,reguler kitchen
"Tuesday, November 25, 2025",kembang tahu,1,pack,"17,400","17,400",Jasuma,4,staff meals
"Tuesday, November 25, 2025",kentang dieng,1,kg,"24,200","24,200",Jasuma,4,staff meals
"Tuesday, November 25, 2025",kol putih,1,kg,"8,120","8,120",Jasuma,4,staff meals
"Tuesday, November 25, 2025",mentega curah,1,kg,"27,840","27,840",Jasuma,4,reguler kitchen
"Tuesday, November 25, 2025",mie atom,4,pack,"7,540","30,160",Jasuma,4,staff meals
"Tuesday, November 25, 2025",pakcoy,1,kg,"14,920","14,920",Jasuma,4,reguler kitchen
"Tuesday, November 25, 2025",pakcoy,1,kg,"14,920","14,920",Jasuma,4,staff meals
"Tuesday, November 25, 2025",parsley,0.5,kg,"53,200","26,600",Jasuma,4,reguler kitchen
"Tuesday, November 25, 2025",pisang tanduk,1,kg,"16,080","16,080",Jasuma,4,reguler kitchen
"Tuesday, November 25, 2025",sereh,0.5,kg,"14,920","7,460",Jasuma,4,reguler kitchen
"Tuesday, November 25, 2025",tahu kuning,30,pcs,696,"20,880",Jasuma,4,staff meals
"Tuesday, November 25, 2025",telur asin,5,pcs,"4,640","23,200",Jasuma,4,reguler kitchen
"Tuesday, November 25, 2025",telur ayam,2,kg,"28,000","56,000",Jasuma,4,reguler kitchen
"Tuesday, November 25, 2025",telur ayam,1,kg,"28,000","28,000",Jasuma,4,staff meals
"Tuesday, November 25, 2025",tempe,3,pack,"12,760","38,280",Jasuma,4,staff meals
"Tuesday, November 25, 2025",tepung tapioka rosebrand 500 gr,3,pack,"5,031","15,093",Jasuma,4,reguler kitchen
"Tuesday, November 25, 2025",tepung terigu tulip 1 kg,6,pack,"11,020","66,120",Jasuma,4,reguler kitchen
"Tuesday, November 25, 2025",timun,0.5,kg,"12,600","6,300",Jasuma,4,reguler kitchen
"Tuesday, November 25, 2025",wortel,1,kg,"20,720","20,720",Jasuma,4,reguler kitchen
"Tuesday, November 25, 2025",wortel,0.5,kg,"20,720","10,360",Jasuma,4,staff meals
"Thursday, November 27, 2025",bawang bombay,0.5,kg,"42,760","21,380",Jasuma,4,reguler kitchen
"Thursday, November 27, 2025",bawang daun,0.25,kg,"16,080","4,020",Jasuma,4,reguler kitchen
"Thursday, November 27, 2025",bawang putih kupas,0.5,kg,"47,400","23,700",Jasuma,4,reguler kitchen
"Thursday, November 27, 2025",buah naga,0.5,kg,"28,840","14,420",Jasuma,4,rnd
"Thursday, November 27, 2025",cabe merah tanjung,0.5,kg,"70,600","35,300",Jasuma,4,reguler kitchen
"Thursday, November 27, 2025",cengek merah,0.5,kg,"59,000","29,500",Jasuma,4,reguler kitchen
"Thursday, November 27, 2025",chicken powder knorr 1 kg,1,pack,"104,400","104,400",Jasuma,4,reguler kitchen
"Thursday, November 27, 2025",daunt mint,0.1,kg,"35,800","3,580",Jasuma,4,rnd
"Thursday, November 27, 2025",kol putih,1,kg,"8,120","8,120",Jasuma,4,reguler kitchen
"Thursday, November 27, 2025",lemon import,1,kg,"64,800","64,800",Jasuma,4,bar
"Thursday, November 27, 2025",pakcoy,1,kg,"14,920","14,920",Jasuma,4,reguler kitchen
"Thursday, November 27, 2025",pisang cavendish,0.3,kg,"31,160","9,348",Jasuma,4,rnd
"Thursday, November 27, 2025",pisang tanduk,1,kg,"16,080","16,080",Jasuma,4,rnd
"Thursday, November 27, 2025",selada keriting,0.25,kg,"31,160","7,790",Jasuma,4,reguler kitchen
"Thursday, November 27, 2025",wortel,0.5,kg,"20,720","10,360",Jasuma,4,reguler kitchen
"Friday, November 28, 2025",bread crumb mix,1,kg,"20,000","20,000",direct pasar,4,reguler kitchen
"Saturday, November 29, 2025",bawang bombay,0.5,kg,"42,760","21,380",Jasuma,4,reguler kitchen
"Saturday, November 29, 2025",bawang daun,0.5,kg,"16,080","8,040",Jasuma,4,reguler kitchen
"Saturday, November 29, 2025",bawang merah kupas,0.25,kg,"59,000","14,750",Jasuma,4,reguler kitchen
"Saturday, November 29, 2025",bawang putih kupas,0.5,kg,"47,400","23,700",Jasuma,4,reguler kitchen
"Saturday, November 29, 2025",beras,15,kg,"15,400","231,000",Jasuma,4,reguler kitchen
"Saturday, November 29, 2025",cabe merah tanjung,0.5,kg,"70,600","35,300",Jasuma,4,reguler kitchen
"Saturday, November 29, 2025",cengek merah,0.5,kg,"64,800","32,400",Jasuma,4,reguler kitchen
"Saturday, November 29, 2025",chicken powder knorr 1 kg,4,pack,"104,400","417,600",Jasuma,4,reguler kitchen
"Saturday, November 29, 2025",gula pasir curah,3,,"17,500","52,500",Jasuma,4,reguler kitchen
"Saturday, November 29, 2025",kecap borrobuddur 400 ml,4,,"17,255","69,020",Jasuma,4,reguler kitchen
"Saturday, November 29, 2025",kentang dieng,0.5,,"24,200","12,100",Jasuma,4,reguler kitchen
"Saturday, November 29, 2025",kerupuk ss,0.5,,"27,840","13,920",Jasuma,4,reguler kitchen
"Saturday, November 29, 2025",kol putih,2,,"8,120","16,240",Jasuma,4,reguler kitchen
"Saturday, November 29, 2025",lafonte spaghetti 1 kg,2,,"40,136","80,272",Jasuma,4,reguler kitchen
"Saturday, November 29, 2025",minyak kita 1 l,24,liter,"17,000","408,000",Jasuma,4,reguler kitchen
"Saturday, November 29, 2025",pakcoy,1,,"14,920","14,920",Jasuma,4,reguler kitchen
"Saturday, November 29, 2025",pisang tanduk,3,,"16,080","48,240",Jasuma,4,reguler kitchen
"Saturday, November 29, 2025",selada keriting,0.5,,"31,160","15,580",Jasuma,4,reguler kitchen
"Saturday, November 29, 2025",telur asin,10,pcs,"4,640","46,400",Jasuma,4,reguler kitchen
"Saturday, November 29, 2025",telur ayam,2,kg,"28,900","57,800",Jasuma,4,reguler kitchen
"Saturday, November 29, 2025",tepung roti kuning,1,kg,"18,792","18,792",Jasuma,4,reguler kitchen
"Saturday, November 29, 2025",tepung roti putih,1,kg,"20,996","20,996",Jasuma,4,reguler kitchen
"Saturday, November 29, 2025",tepung tapioka rosebrand 500 gr,10,pack,"5,075","50,750",Jasuma,4,reguler kitchen
"Saturday, November 29, 2025",tepung terigu tulip 1 kg,20,,"11,020","220,400",Jasuma,4,reguler kitchen
"Saturday, November 29, 2025",timun,0.5,,"12,600","6,300",Jasuma,4,reguler kitchen
"Saturday, November 29, 2025",tomat,0.5,,"16,080","8,040",Jasuma,4,reguler kitchen
"Saturday, November 29, 2025",unsalted butter,3,,"84,680","254,040",Jasuma,4,reguler kitchen
"Saturday, November 29, 2025",wortel,0.5,,"21,729","10,865",Jasuma,4,reguler kitchen
